fico_score,quantile_rating,default
605,7,0
572,8,1
602,7,0
612,6,0
631,5,0
697,1,0
722,0,0
545,9,1
676,2,0
447,9,0
640,4,1
636,5,0
527,9,0
638,5,0
616,6,0
644,4,0
606,7,0
727,0,0
627,5,1
581,8,0
667,3,0
480,9,1
677,2,0
726,0,0
596,7,0
605,7,0
636,5,0
642,4,0
596,7,0
667,3,0
580,8,0
697,1,0
542,9,1
668,3,0
787,0,0
673,2,0
609,6,0
541,9,1
560,9,0
607,7,1
631,5,0
746,0,0
530,9,0
615,6,0
552,9,1
606,7,0
599,7,0
679,2,0
603,7,0
764,0,0
736,0,0
751,0,0
610,6,0
663,3,0
737,0,0
629,5,0
689,1,0
587,8,1
692,1,1
706,1,0
515,9,0
702,1,0
638,5,0
612,6,0
583,8,0
720,0,0
607,7,0
750,0,0
662,3,0
563,8,1
611,6,0
754,0,0
663,3,0
709,1,0
576,8,1
611,6,1
669,3,0
612,6,1
720,0,0
589,7,0
578,8,0
652,4,0
687,2,0
633,5,0
569,8,1
657,3,0
754,0,0
642,4,0
708,1,0
627,5,1
745,0,0
685,2,0
679,2,0
697,1,0
603,7,1
555,9,1
687,2,0
625,5,0
581,8,0
633,5,0
622,6,1
610,6,0
584,8,1
628,5,0
724,0,0
620,6,0
563,8,0
678,2,0
602,7,0
672,2,0
724,0,0
626,5,0
749,0,0
582,8,1
693,1,0
632,5,0
655,3,0
693,1,0
721,0,0
710,1,0
541,9,1
587,8,0
581,8,0
572,8,1
706,1,0
582,8,1
710,1,0
705,1,0
672,2,0
568,8,1
511,9,0
640,4,0
709,1,0
707,1,0
651,4,0
662,3,0
766,0,0
692,1,0
590,7,0
657,3,0
592,7,1
718,0,0
720,0,0
636,5,0
654,3,0
513,9,0
587,8,1
671,2,0
655,3,0
609,6,1
641,4,0
621,6,0
658,3,0
594,7,1
622,6,0
636,5,0
603,7,0
619,6,0
646,4,0
533,9,1
672,2,0
598,7,0
726,0,0
641,4,1
669,3,0
556,9,1
659,3,0
735,0,0
571,8,0
509,9,1
626,5,0
678,2,0
634,5,0
657,3,0
637,5,0
684,2,0
692,1,0
723,0,0
562,8,0
713,1,0
598,7,0
584,8,0
651,4,0
626,5,0
583,8,0
674,2,0
633,5,0
559,9,1
684,2,0
735,0,0
636,5,0
756,0,0
653,4,0
685,2,0
682,2,0
774,0,0
697,1,0
614,6,0
584,8,1
641,4,0
643,4,0
680,2,0
679,2,0
563,8,0
742,0,0
532,9,1
607,7,1
686,2,1
634,5,0
730,0,0
545,9,0
531,9,0
697,1,0
677,2,0
656,3,0
634,5,0
751,0,0
645,4,0
587,8,0
555,9,0
556,9,1
648,4,0
562,8,0
596,7,0
554,9,0
667,3,0
632,5,1
525,9,0
649,4,0
587,8,1
712,1,0
667,3,0
645,4,0
646,4,0
606,7,1
598,7,0
612,6,0
490,9,1
635,5,0
694,1,0
686,2,0
655,3,0
521,9,0
672,2,0
533,9,0
673,2,0
683,2,0
548,9,0
628,5,0
749,0,0
607,7,1
685,2,0
650,4,0
568,8,0
681,2,0
662,3,0
566,8,0
580,8,0
597,7,0
656,3,0
741,0,0
695,1,0
669,3,0
716,0,0
666,3,0
733,0,0
475,9,0
558,9,0
589,7,1
633,5,0
686,2,1
689,1,0
673,2,1
649,4,0
579,8,1
592,7,0
591,7,0
728,0,1
649,4,0
642,4,1
626,5,0
615,6,0
655,3,0
752,0,0
582,8,0
520,9,1
626,5,0
637,5,0
558,9,1
715,0,0
547,9,0
683,2,0
669,3,0
616,6,0
606,7,0
682,2,0
694,1,0
571,8,0
605,7,1
760,0,0
648,4,0
693,1,0
652,4,1
706,1,0
585,8,0
613,6,0
640,4,0
674,2,0
594,7,0
696,1,0
595,7,0
682,2,1
522,9,0
710,1,0
673,2,0
631,5,0
775,0,0
683,2,0
615,6,0
692,1,1
659,3,1
523,9,1
653,4,0
557,9,0
725,0,0
645,4,0
643,4,0
656,3,0
547,9,0
591,7,0
670,3,0
535,9,0
680,2,0
604,7,0
587,8,0
680,2,0
610,6,0
688,2,0
736,0,0
629,5,0
565,8,0
635,5,0
502,9,1
751,0,0
636,5,1
637,5,0
627,5,1
808,0,0
628,5,0
699,1,1
571,8,0
656,3,1
702,1,0
598,7,0
583,8,0
585,8,0
631,5,0
710,1,0
587,8,0
595,7,1
718,0,0
696,1,0
641,4,0
597,7,0
636,5,0
622,6,1
705,1,0
627,5,0
587,8,0
466,9,1
676,2,0
665,3,1
645,4,0
536,9,1
670,3,0
577,8,0
648,4,0
693,1,0
638,5,1
653,4,0
726,0,0
610,6,0
607,7,0
744,0,0
708,1,0
640,4,0
642,4,0
655,3,0
536,9,0
573,8,0
596,7,1
578,8,1
678,2,0
481,9,0
626,5,0
599,7,0
671,2,0
719,0,0
652,4,0
689,1,0
672,2,1
686,2,0
508,9,0
508,9,1
632,5,0
674,2,0
711,1,0
610,6,0
611,6,1
563,8,1
687,2,0
680,2,0
617,6,0
650,4,0
691,1,0
630,5,0
647,4,0
731,0,0
648,4,1
632,5,0
644,4,1
701,1,0
597,7,0
618,6,1
586,8,0
606,7,0
608,6,0
601,7,0
611,6,0
604,7,0
610,6,0
684,2,0
658,3,0
557,9,1
607,7,0
539,9,0
665,3,0
666,3,0
746,0,0
547,9,0
683,2,0
572,8,0
647,4,0
614,6,0
555,9,0
555,9,0
536,9,1
670,3,0
627,5,0
609,6,0
484,9,0
585,8,0
596,7,0
671,2,0
601,7,0
640,4,1
548,9,0
698,1,0
615,6,0
610,6,1
657,3,0
631,5,1
604,7,0
545,9,0
607,7,0
610,6,0
663,3,0
653,4,0
584,8,0
666,3,0
577,8,0
687,2,0
622,6,0
693,1,0
626,5,1
693,1,0
753,0,1
665,3,0
558,9,0
695,1,0
780,0,0
669,3,0
527,9,0
640,4,0
681,2,0
562,8,0
516,9,1
647,4,1
657,3,0
532,9,0
641,4,0
733,0,0
624,5,1
620,6,0
612,6,0
573,8,0
623,6,0
602,7,1
734,0,0
626,5,0
620,6,0
628,5,0
612,6,0
703,1,0
604,7,0
614,6,0
555,9,0
616,6,0
652,4,0
647,4,0
626,5,0
617,6,0
612,6,0
530,9,1
674,2,0
581,8,0
553,9,1
537,9,1
611,6,0
637,5,0
732,0,0
726,0,0
697,1,0
740,0,0
636,5,1
660,3,0
598,7,0
603,7,0
578,8,0
666,3,0
646,4,0
674,2,0
621,6,0
536,9,1
719,0,0
697,1,0
682,2,1
561,8,1
634,5,0
604,7,0
591,7,1
683,2,0
687,2,0
690,1,0
544,9,0
524,9,1
814,0,0
724,0,0
679,2,0
597,7,0
622,6,1
663,3,0
713,1,0
631,5,0
629,5,0
713,1,1
676,2,0
508,9,1
743,0,0
665,3,0
654,3,0
533,9,1
623,6,1
640,4,0
693,1,0
663,3,0
656,3,0
561,8,0
602,7,0
616,6,0
606,7,0
581,8,1
678,2,0
605,7,0
603,7,0
677,2,0
676,2,0
570,8,1
646,4,0
633,5,0
724,0,0
724,0,0
695,1,0
734,0,0
637,5,0
631,5,0
686,2,0
587,8,0
661,3,0
644,4,0
617,6,0
669,3,0
659,3,0
603,7,1
549,9,0
674,2,1
603,7,0
608,6,0
746,0,0
618,6,0
628,5,0
711,1,0
626,5,0
626,5,0
560,9,0
680,2,0
698,1,0
669,3,0
674,2,0
699,1,0
672,2,0
629,5,0
618,6,0
603,7,0
481,9,1
578,8,0
692,1,1
561,8,0
563,8,0
600,7,1
638,5,0
647,4,0
633,5,0
669,3,0
565,8,0
673,2,0
663,3,0
668,3,0
604,7,0
645,4,0
704,1,0
690,1,0
622,6,0
618,6,0
660,3,0
578,8,1
641,4,0
582,8,0
718,0,0
632,5,0
640,4,0
593,7,0
641,4,0
579,8,1
599,7,0
668,3,0
712,1,0
603,7,0
653,4,0
682,2,0
740,0,0
645,4,0
684,2,0
636,5,0
591,7,1
650,4,0
699,1,0
572,8,1
751,0,0
556,9,0
664,3,0
661,3,0
529,9,0
701,1,1
640,4,0
645,4,0
665,3,0
551,9,1
735,0,0
689,1,0
656,3,0
704,1,0
790,0,0
612,6,0
663,3,0
608,6,0
601,7,0
718,0,0
534,9,1
567,8,0
606,7,1
694,1,0
616,6,0
615,6,0
655,3,0
600,7,0
564,8,0
560,9,0
727,0,0
678,2,0
658,3,0
616,6,0
612,6,0
624,5,1
601,7,1
699,1,0
671,2,0
504,9,0
630,5,0
628,5,0
685,2,0
713,1,0
687,2,0
828,0,0
527,9,1
455,9,1
649,4,0
747,0,0
555,9,0
627,5,0
664,3,0
534,9,1
633,5,0
614,6,0
639,4,0
724,0,0
558,9,1
604,7,0
643,4,0
650,4,0
714,1,0
591,7,1
689,1,0
739,0,0
687,2,0
622,6,0
603,7,0
638,5,0
656,3,0
699,1,0
560,9,0
634,5,0
644,4,0
763,0,0
586,8,0
549,9,0
647,4,0
615,6,0
629,5,0
641,4,0
689,1,0
640,4,0
558,9,0
658,3,0
481,9,1
683,2,1
721,0,0
759,0,0
636,5,0
589,7,1
721,0,0
695,1,0
628,5,0
658,3,0
688,2,0
627,5,0
587,8,0
596,7,0
583,8,0
607,7,0
629,5,0
689,1,0
727,0,0
612,6,0
664,3,0
521,9,0
671,2,0
580,8,0
665,3,0
642,4,0
593,7,1
632,5,0
574,8,0
596,7,1
544,9,0
539,9,0
621,6,0
702,1,0
726,0,0
605,7,0
651,4,0
595,7,0
706,1,0
665,3,0
749,0,0
740,0,0
636,5,1
552,9,1
571,8,0
705,1,0
682,2,0
594,7,0
585,8,0
663,3,1
684,2,0
662,3,0
623,6,0
644,4,0
753,0,0
516,9,0
683,2,0
573,8,1
601,7,0
659,3,0
673,2,0
724,0,0
554,9,0
591,7,1
572,8,1
732,0,0
594,7,0
718,0,0
678,2,0
611,6,1
564,8,0
663,3,0
677,2,0
553,9,0
527,9,1
634,5,0
633,5,0
694,1,0
629,5,0
575,8,0
566,8,0
543,9,0
648,4,0
733,0,0
550,9,1
636,5,0
572,8,1
639,4,0
617,6,1
618,6,0
738,0,0
710,1,0
610,6,0
699,1,0
680,2,0
739,0,0
635,5,1
670,3,0
584,8,0
504,9,1
644,4,0
682,2,0
711,1,0
690,1,0
669,3,0
706,1,0
760,0,0
717,0,1
651,4,0
644,4,0
605,7,1
635,5,0
712,1,0
713,1,0
613,6,0
679,2,0
554,9,1
597,7,1
741,0,0
594,7,1
570,8,0
663,3,0
730,0,0
632,5,1
772,0,0
624,5,0
598,7,1
651,4,0
633,5,0
658,3,1
693,1,0
626,5,0
645,4,0
563,8,0
645,4,0
670,3,0
637,5,1
530,9,0
596,7,0
566,8,1
603,7,0
647,4,0
683,2,0
662,3,0
610,6,0
651,4,0
671,2,0
585,8,1
592,7,0
679,2,0
718,0,0
708,1,0
585,8,0
633,5,0
574,8,0
670,3,0
593,7,0
514,9,1
583,8,1
695,1,1
691,1,0
681,2,0
619,6,0
618,6,1
606,7,0
692,1,0
677,2,0
626,5,0
643,4,0
705,1,0
722,0,0
550,9,1
570,8,0
544,9,0
718,0,0
625,5,0
692,1,0
719,0,0
732,0,0
635,5,0
725,0,0
713,1,0
557,9,0
619,6,0
630,5,0
643,4,0
711,1,0
801,0,0
689,1,0
648,4,0
718,0,0
627,5,1
645,4,0
633,5,0
679,2,0
620,6,0
652,4,0
633,5,0
678,2,0
563,8,1
539,9,1
624,5,0
617,6,0
630,5,1
663,3,0
645,4,0
481,9,0
642,4,0
743,0,0
680,2,0
617,6,0
667,3,0
645,4,0
690,1,0
598,7,0
666,3,1
679,2,0
743,0,0
673,2,0
555,9,0
671,2,0
680,2,1
666,3,0
668,3,0
546,9,1
584,8,0
702,1,0
608,6,0
759,0,0
696,1,0
688,2,0
616,6,0
577,8,0
629,5,0
611,6,0
518,9,0
709,1,0
695,1,0
658,3,1
606,7,0
623,6,0
642,4,0
545,9,1
626,5,0
639,4,0
709,1,0
611,6,0
733,0,0
550,9,0
648,4,0
676,2,0
574,8,0
513,9,1
628,5,0
651,4,0
571,8,0
619,6,1
587,8,0
595,7,0
654,3,1
632,5,0
554,9,1
688,2,0
515,9,1
659,3,0
650,4,0
565,8,0
711,1,0
619,6,0
597,7,0
586,8,0
619,6,0
737,0,0
468,9,1
749,0,0
679,2,0
709,1,0
749,0,0
588,7,0
627,5,1
657,3,0
600,7,0
593,7,0
666,3,0
608,6,0
525,9,0
622,6,0
545,9,0
707,1,0
531,9,1
750,0,0
617,6,0
637,5,0
761,0,0
673,2,0
664,3,0
748,0,0
539,9,1
636,5,0
567,8,0
679,2,1
633,5,1
690,1,1
587,8,0
648,4,0
726,0,0
714,1,0
591,7,0
651,4,0
618,6,0
652,4,0
593,7,0
618,6,0
701,1,0
786,0,0
663,3,0
716,0,1
561,8,0
638,5,0
700,1,0
586,8,0
636,5,0
551,9,0
538,9,1
594,7,0
573,8,0
624,5,0
690,1,0
668,3,0
654,3,0
616,6,1
612,6,0
608,6,0
625,5,0
719,0,0
687,2,0
702,1,0
647,4,0
594,7,0
597,7,0
599,7,1
510,9,1
558,9,1
638,5,0
653,4,0
690,1,0
639,4,0
474,9,1
604,7,0
608,6,1
641,4,0
789,0,0
584,8,1
702,1,0
670,3,0
621,6,0
670,3,0
546,9,0
553,9,1
670,3,0
577,8,0
709,1,0
608,6,0
630,5,0
655,3,0
630,5,0
728,0,0
752,0,0
550,9,1
650,4,0
586,8,0
739,0,0
626,5,1
585,8,1
586,8,1
707,1,0
670,3,0
625,5,0
700,1,0
615,6,0
662,3,0
598,7,1
561,8,0
637,5,0
505,9,0
647,4,0
681,2,0
575,8,0
654,3,0
626,5,0
647,4,0
708,1,0
612,6,1
638,5,0
662,3,0
735,0,0
625,5,0
670,3,0
614,6,0
677,2,0
647,4,0
649,4,0
643,4,0
597,7,0
571,8,1
668,3,0
588,7,0
611,6,1
611,6,0
605,7,1
637,5,0
633,5,0
680,2,0
551,9,0
587,8,1
581,8,0
698,1,0
653,4,0
638,5,0
575,8,1
631,5,0
652,4,0
687,2,0
775,0,0
681,2,0
650,4,0
691,1,0
585,8,0
554,9,0
703,1,0
642,4,0
713,1,0
664,3,0
612,6,0
658,3,0
528,9,1
688,2,0
627,5,0
705,1,0
612,6,0
698,1,0
739,0,0
593,7,0
706,1,0
538,9,0
577,8,0
643,4,0
691,1,0
649,4,0
620,6,1
737,0,0
602,7,0
645,4,0
683,2,0
591,7,0
617,6,0
584,8,1
714,1,0
515,9,1
687,2,0
684,2,0
717,0,0
587,8,0
578,8,0
625,5,1
644,4,0
595,7,0
567,8,0
650,4,0
639,4,0
662,3,0
703,1,0
673,2,0
551,9,0
521,9,1
652,4,0
620,6,0
713,1,0
611,6,0
612,6,0
628,5,0
558,9,0
709,1,0
671,2,0
676,2,0
583,8,0
643,4,1
612,6,0
581,8,0
501,9,1
603,7,0
553,9,0
490,9,1
598,7,0
616,6,0
703,1,0
724,0,0
647,4,0
587,8,1
718,0,0
702,1,0
638,5,0
603,7,0
640,4,0
698,1,0
615,6,0
650,4,0
685,2,0
617,6,0
668,3,0
555,9,0
522,9,1
624,5,1
737,0,0
670,3,0
605,7,0
641,4,0
662,3,0
671,2,0
666,3,0
576,8,0
640,4,0
678,2,0
653,4,0
611,6,0
704,1,0
572,8,0
616,6,0
632,5,0
610,6,1
603,7,0
631,5,0
520,9,1
656,3,0
548,9,0
594,7,0
662,3,0
708,1,0
613,6,0
564,8,0
668,3,0
693,1,0
474,9,1
648,4,0
629,5,1
655,3,0
612,6,0
666,3,0
680,2,0
633,5,0
646,4,0
691,1,0
495,9,1
652,4,0
693,1,0
538,9,1
649,4,0
604,7,1
701,1,0
628,5,0
607,7,0
599,7,0
601,7,0
632,5,1
695,1,0
600,7,0
605,7,0
641,4,0
683,2,0
697,1,0
674,2,0
699,1,0
600,7,0
622,6,0
581,8,1
660,3,0
653,4,0
661,3,0
649,4,0
749,0,0
521,9,0
483,9,0
566,8,1
667,3,0
666,3,0
720,0,0
614,6,0
684,2,0
546,9,1
621,6,0
687,2,0
646,4,1
615,6,0
571,8,0
685,2,0
594,7,0
650,4,0
651,4,0
692,1,1
685,2,0
604,7,0
679,2,0
617,6,0
583,8,1
699,1,0
750,0,0
642,4,0
642,4,1
652,4,0
742,0,0
616,6,0
679,2,0
642,4,0
749,0,0
646,4,0
684,2,0
564,8,1
539,9,0
646,4,0
523,9,0
591,7,0
685,2,0
679,2,0
707,1,0
646,4,0
676,2,0
701,1,1
590,7,1
607,7,0
593,7,0
567,8,1
686,2,0
607,7,0
623,6,0
626,5,1
656,3,0
658,3,0
566,8,0
683,2,0
612,6,0
707,1,0
611,6,0
816,0,0
707,1,0
539,9,0
633,5,0
551,9,0
646,4,0
692,1,0
651,4,1
619,6,0
643,4,0
687,2,1
558,9,1
643,4,0
668,3,0
700,1,1
689,1,0
718,0,0
623,6,0
629,5,1
695,1,0
750,0,0
644,4,1
661,3,0
632,5,0
549,9,0
726,0,0
661,3,0
581,8,0
664,3,0
548,9,1
705,1,0
635,5,0
539,9,0
517,9,1
665,3,0
607,7,1
639,4,0
585,8,0
639,4,1
626,5,0
627,5,0
591,7,0
669,3,0
595,7,0
640,4,0
638,5,0
634,5,0
674,2,0
696,1,0
558,9,0
659,3,1
656,3,0
592,7,0
590,7,1
598,7,0
710,1,0
706,1,0
571,8,1
651,4,0
720,0,0
600,7,0
641,4,0
668,3,0
560,9,0
574,8,0
622,6,0
693,1,0
790,0,0
623,6,0
606,7,1
726,0,0
712,1,0
644,4,1
604,7,0
620,6,0
679,2,0
689,1,0
759,0,0
542,9,1
717,0,0
593,7,0
652,4,0
567,8,0
667,3,1
504,9,0
560,9,0
631,5,0
633,5,1
584,8,0
654,3,0
604,7,1
633,5,0
624,5,0
678,2,0
587,8,0
600,7,0
559,9,0
605,7,0
568,8,0
652,4,0
671,2,0
736,0,0
679,2,0
649,4,1
487,9,1
593,7,1
729,0,0
481,9,0
602,7,0
519,9,1
662,3,0
639,4,1
719,0,0
603,7,1
587,8,0
625,5,0
619,6,0
728,0,0
611,6,1
769,0,0
632,5,0
631,5,1
630,5,0
678,2,0
568,8,0
684,2,0
689,1,0
589,7,0
651,4,0
587,8,0
653,4,0
610,6,0
667,3,0
614,6,1
594,7,0
679,2,0
561,8,0
673,2,0
679,2,0
511,9,1
585,8,0
678,2,0
639,4,1
606,7,0
722,0,0
710,1,0
636,5,0
687,2,0
669,3,0
699,1,0
631,5,0
652,4,0
645,4,0
655,3,0
596,7,0
633,5,0
673,2,0
558,9,1
624,5,0
663,3,0
712,1,0
616,6,0
649,4,0
639,4,0
528,9,1
555,9,0
670,3,0
697,1,0
628,5,0
680,2,0
626,5,0
575,8,0
440,9,1
705,1,0
636,5,0
700,1,0
664,3,0
749,0,0
695,1,0
668,3,0
635,5,0
617,6,0
693,1,0
535,9,0
594,7,0
735,0,0
636,5,0
664,3,0
638,5,0
719,0,0
703,1,0
690,1,0
598,7,0
624,5,0
704,1,0
696,1,0
561,8,0
657,3,0
557,9,0
570,8,0
581,8,0
655,3,0
494,9,0
662,3,0
660,3,0
558,9,1
711,1,0
826,0,0
710,1,0
626,5,0
782,0,0
662,3,0
540,9,0
611,6,1
725,0,0
689,1,0
644,4,0
574,8,0
658,3,0
678,2,1
637,5,0
707,1,0
608,6,0
537,9,0
574,8,0
674,2,0
724,0,0
766,0,0
656,3,1
647,4,0
798,0,0
686,2,0
656,3,0
655,3,0
551,9,1
656,3,0
655,3,1
597,7,0
486,9,1
483,9,1
757,0,0
638,5,0
668,3,0
749,0,0
714,1,1
712,1,0
746,0,0
620,6,1
630,5,0
559,9,1
688,2,0
655,3,0
605,7,1
733,0,0
633,5,1
613,6,0
711,1,0
594,7,0
524,9,1
689,1,1
585,8,0
649,4,0
606,7,1
579,8,0
654,3,0
628,5,0
648,4,0
670,3,0
612,6,0
634,5,0
647,4,0
671,2,0
641,4,0
462,9,1
583,8,0
677,2,0
614,6,0
529,9,0
724,0,0
558,9,1
609,6,0
589,7,1
725,0,0
547,9,1
704,1,0
576,8,0
738,0,0
715,0,0
718,0,1
571,8,1
616,6,1
686,2,0
630,5,0
566,8,1
518,9,0
658,3,0
668,3,0
675,2,0
674,2,0
622,6,1
630,5,1
643,4,0
719,0,0
643,4,0
673,2,0
656,3,0
615,6,0
675,2,0
563,8,1
593,7,1
592,7,1
605,7,0
646,4,0
501,9,0
695,1,1
649,4,0
583,8,0
622,6,1
677,2,0
686,2,0
657,3,0
662,3,0
485,9,1
608,6,0
709,1,0
506,9,1
654,3,0
644,4,0
545,9,0
539,9,0
519,9,1
730,0,0
590,7,0
566,8,1
672,2,0
684,2,0
593,7,1
624,5,1
642,4,0
461,9,1
576,8,1
711,1,0
658,3,0
604,7,0
593,7,0
607,7,1
637,5,0
673,2,1
550,9,1
638,5,1
626,5,0
629,5,0
646,4,1
628,5,0
614,6,0
664,3,0
554,9,0
693,1,0
625,5,0
694,1,0
631,5,0
669,3,0
620,6,0
613,6,0
659,3,0
635,5,0
668,3,0
556,9,0
755,0,0
716,0,0
632,5,0
674,2,0
650,4,1
538,9,0
579,8,1
582,8,1
630,5,0
576,8,1
678,2,0
575,8,1
599,7,1
599,7,0
688,2,0
624,5,0
621,6,0
711,1,0
690,1,0
675,2,1
581,8,0
544,9,0
654,3,0
651,4,0
665,3,0
569,8,0
565,8,0
580,8,0
629,5,0
615,6,0
697,1,0
670,3,0
645,4,0
580,8,0
546,9,1
680,2,0
661,3,0
640,4,0
667,3,0
570,8,1
656,3,0
627,5,0
576,8,0
616,6,1
588,7,0
595,7,1
649,4,1
646,4,1
656,3,0
631,5,0
617,6,0
612,6,0
690,1,0
669,3,0
681,2,0
612,6,0
579,8,1
582,8,0
702,1,0
658,3,0
659,3,0
565,8,0
776,0,0
634,5,0
736,0,0
629,5,0
618,6,1
671,2,0
598,7,1
590,7,0
678,2,0
764,0,0
693,1,0
707,1,0
590,7,0
579,8,1
611,6,0
711,1,0
643,4,0
621,6,0
693,1,0
531,9,1
563,8,1
494,9,0
631,5,0
596,7,1
536,9,0
715,0,0
635,5,0
702,1,0
666,3,1
659,3,0
460,9,0
534,9,0
638,5,1
643,4,0
532,9,0
669,3,0
737,0,0
618,6,0
585,8,0
659,3,0
741,0,0
614,6,0
596,7,0
550,9,1
748,0,0
658,3,1
604,7,0
596,7,0
582,8,0
678,2,0
721,0,0
564,8,0
444,9,0
644,4,0
687,2,0
659,3,0
734,0,0
697,1,0
688,2,0
688,2,0
669,3,0
733,0,0
618,6,0
573,8,1
636,5,0
667,3,0
600,7,0
583,8,0
685,2,0
685,2,0
620,6,0
798,0,0
601,7,0
626,5,0
583,8,0
613,6,0
692,1,0
697,1,0
649,4,0
640,4,0
671,2,0
533,9,1
710,1,0
633,5,0
525,9,0
744,0,0
703,1,0
520,9,1
526,9,1
637,5,1
724,0,0
594,7,0
711,1,0
702,1,0
583,8,0
614,6,0
689,1,0
632,5,1
534,9,1
527,9,0
639,4,0
693,1,0
664,3,0
694,1,0
623,6,0
684,2,0
766,0,0
787,0,0
594,7,1
619,6,0
673,2,0
675,2,0
524,9,1
720,0,0
587,8,0
643,4,0
572,8,0
682,2,0
713,1,0
682,2,0
801,0,0
623,6,1
680,2,0
560,9,0
735,0,0
697,1,0
624,5,0
690,1,0
625,5,1
626,5,0
648,4,0
518,9,1
671,2,0
639,4,0
553,9,1
527,9,1
656,3,1
557,9,1
668,3,0
679,2,0
632,5,0
600,7,0
579,8,0
594,7,0
667,3,0
586,8,1
658,3,0
605,7,0
449,9,1
595,7,0
616,6,1
494,9,1
625,5,0
644,4,0
558,9,1
658,3,0
542,9,0
634,5,0
613,6,0
537,9,0
611,6,0
697,1,0
628,5,0
682,2,0
743,0,0
658,3,0
587,8,0
635,5,0
688,2,0
676,2,0
661,3,0
651,4,0
668,3,0
685,2,0
718,0,0
713,1,0
564,8,1
695,1,0
554,9,0
670,3,0
683,2,0
649,4,1
547,9,0
633,5,1
633,5,0
599,7,0
714,1,0
600,7,0
709,1,0
540,9,1
589,7,0
568,8,1
697,1,0
589,7,0
750,0,0
651,4,0
720,0,0
678,2,0
647,4,1
674,2,0
585,8,0
680,2,0
698,1,0
755,0,0
708,1,0
589,7,1
591,7,1
577,8,0
663,3,0
594,7,0
717,0,1
616,6,1
546,9,1
618,6,0
663,3,1
578,8,1
584,8,1
704,1,0
746,0,0
607,7,1
603,7,0
629,5,0
737,0,0
620,6,0
643,4,0
550,9,0
695,1,0
682,2,0
503,9,0
580,8,1
714,1,0
639,4,0
662,3,0
680,2,0
620,6,0
684,2,0
669,3,0
665,3,0
739,0,0
659,3,0
605,7,0
637,5,0
690,1,0
641,4,0
761,0,0
639,4,0
623,6,0
622,6,0
672,2,0
554,9,0
660,3,0
622,6,0
651,4,0
810,0,0
624,5,0
686,2,0
695,1,0
610,6,1
655,3,0
571,8,0
685,2,0
538,9,1
557,9,0
773,0,0
575,8,1
574,8,0
717,0,0
634,5,0
669,3,0
711,1,0
651,4,0
681,2,0
638,5,1
557,9,1
563,8,0
529,9,0
408,9,0
689,1,0
694,1,0
689,1,0
658,3,0
683,2,0
623,6,0
625,5,0
605,7,0
651,4,0
547,9,0
693,1,1
604,7,0
696,1,0
674,2,1
703,1,0
693,1,0
610,6,1
713,1,0
644,4,0
678,2,0
553,9,1
674,2,0
653,4,0
685,2,1
584,8,0
644,4,0
640,4,0
644,4,0
641,4,0
749,0,0
793,0,0
587,8,0
571,8,1
748,0,0
694,1,0
656,3,1
541,9,1
661,3,0
619,6,0
708,1,0
701,1,1
625,5,0
644,4,0
694,1,0
618,6,0
641,4,1
655,3,0
652,4,0
700,1,0
726,0,1
597,7,0
686,2,0
662,3,0
635,5,0
742,0,0
725,0,0
697,1,0
650,4,0
675,2,0
463,9,1
649,4,0
703,1,0
639,4,0
675,2,0
615,6,0
699,1,0
611,6,0
620,6,0
536,9,0
668,3,0
643,4,0
501,9,0
630,5,0
595,7,1
712,1,0
554,9,0
723,0,0
622,6,0
713,1,0
634,5,0
620,6,0
622,6,1
663,3,0
597,7,1
544,9,1
609,6,0
595,7,0
697,1,0
638,5,0
622,6,0
732,0,0
637,5,1
711,1,0
590,7,0
584,8,0
683,2,0
587,8,0
698,1,0
717,0,0
712,1,0
577,8,0
646,4,0
617,6,0
791,0,0
626,5,0
749,0,0
679,2,0
590,7,0
689,1,0
581,8,1
610,6,0
654,3,0
620,6,1
548,9,0
594,7,0
731,0,0
747,0,1
592,7,1
643,4,0
657,3,0
658,3,0
667,3,0
716,0,0
632,5,0
606,7,0
578,8,0
758,0,0
653,4,0
622,6,0
691,1,0
583,8,0
518,9,1
525,9,0
713,1,0
535,9,1
615,6,0
589,7,0
613,6,1
530,9,0
674,2,0
667,3,0
587,8,0
763,0,0
607,7,0
621,6,0
610,6,0
560,9,0
629,5,0
705,1,0
687,2,0
687,2,0
575,8,0
623,6,0
743,0,0
604,7,1
565,8,0
634,5,0
650,4,0
707,1,0
686,2,0
597,7,0
596,7,1
679,2,1
611,6,0
687,2,0
714,1,0
503,9,0
700,1,0
557,9,0
610,6,0
700,1,0
632,5,0
697,1,0
645,4,0
584,8,1
607,7,0
618,6,0
666,3,0
732,0,0
630,5,0
621,6,0
698,1,0
572,8,1
641,4,0
542,9,0
647,4,0
670,3,0
503,9,0
711,1,0
782,0,0
672,2,0
586,8,0
599,7,1
552,9,1
515,9,1
574,8,0
625,5,1
769,0,0
741,0,0
632,5,0
669,3,0
649,4,0
698,1,0
724,0,0
674,2,0
601,7,0
659,3,0
571,8,0
626,5,0
784,0,0
634,5,0
577,8,0
716,0,0
659,3,0
657,3,0
520,9,1
650,4,0
746,0,0
691,1,0
728,0,0
689,1,0
558,9,1
674,2,0
660,3,0
581,8,0
665,3,0
659,3,0
525,9,0
602,7,1
606,7,0
699,1,0
596,7,0
497,9,1
687,2,0
727,0,0
669,3,0
610,6,0
576,8,0
743,0,0
537,9,0
652,4,0
635,5,1
573,8,0
746,0,0
730,0,0
584,8,1
653,4,0
594,7,1
668,3,0
665,3,0
656,3,0
685,2,0
634,5,1
512,9,0
670,3,0
642,4,0
671,2,0
678,2,0
664,3,0
650,4,0
615,6,0
645,4,0
644,4,0
591,7,0
617,6,0
506,9,1
640,4,0
734,0,0
691,1,0
699,1,0
578,8,0
667,3,0
826,0,0
693,1,0
596,7,1
713,1,0
690,1,0
563,8,0
600,7,0
693,1,0
627,5,0
594,7,0
613,6,1
698,1,1
668,3,0
666,3,0
735,0,0
722,0,0
624,5,0
733,0,0
677,2,0
702,1,0
622,6,0
636,5,0
652,4,0
737,0,0
623,6,0
598,7,0
653,4,1
566,8,0
619,6,0
731,0,0
647,4,0
636,5,0
587,8,0
593,7,1
684,2,0
593,7,0
675,2,0
642,4,0
597,7,0
661,3,1
693,1,0
608,6,0
549,9,1
791,0,0
608,6,0
626,5,1
620,6,0
661,3,0
680,2,0
628,5,0
668,3,0
629,5,0
656,3,0
631,5,0
651,4,0
552,9,0
701,1,0
684,2,0
616,6,0
700,1,0
690,1,1
633,5,0
666,3,0
559,9,1
630,5,0
537,9,0
700,1,0
699,1,0
597,7,1
627,5,0
597,7,0
668,3,1
667,3,0
626,5,0
687,2,0
755,0,0
589,7,0
706,1,0
634,5,1
565,8,0
492,9,1
636,5,0
616,6,1
658,3,1
722,0,0
679,2,0
584,8,0
609,6,0
742,0,0
584,8,1
606,7,0
658,3,0
690,1,0
649,4,0
650,4,0
615,6,1
620,6,0
622,6,1
651,4,1
622,6,0
632,5,0
615,6,0
494,9,1
589,7,1
647,4,1
685,2,0
614,6,1
662,3,0
539,9,0
589,7,0
626,5,0
629,5,0
522,9,0
684,2,0
675,2,0
635,5,0
628,5,1
598,7,0
610,6,1
630,5,0
561,8,0
651,4,0
713,1,0
691,1,0
671,2,0
538,9,1
609,6,0
609,6,0
662,3,0
700,1,0
608,6,0
687,2,0
722,0,0
517,9,1
638,5,0
551,9,0
727,0,0
638,5,0
743,0,0
674,2,0
611,6,0
638,5,1
680,2,0
647,4,0
592,7,0
595,7,1
665,3,0
635,5,0
722,0,0
713,1,0
594,7,0
671,2,0
639,4,1
608,6,0
600,7,0
565,8,0
701,1,0
654,3,0
507,9,0
662,3,0
555,9,0
561,8,1
563,8,0
626,5,0
580,8,0
557,9,1
573,8,0
628,5,0
585,8,0
668,3,0
664,3,0
653,4,0
565,8,1
662,3,0
618,6,0
614,6,1
579,8,1
613,6,0
555,9,0
706,1,0
740,0,0
608,6,0
677,2,0
640,4,0
561,8,0
583,8,0
516,9,0
767,0,0
566,8,0
621,6,0
737,0,0
622,6,0
576,8,0
659,3,1
517,9,1
638,5,0
598,7,0
579,8,1
544,9,0
664,3,1
621,6,0
670,3,0
648,4,0
700,1,0
788,0,1
576,8,0
603,7,0
699,1,0
692,1,0
536,9,0
636,5,0
634,5,0
709,1,1
563,8,1
650,4,0
656,3,0
574,8,1
642,4,0
547,9,0
669,3,0
612,6,1
580,8,1
544,9,0
654,3,0
637,5,0
693,1,1
640,4,0
653,4,0
572,8,0
601,7,0
674,2,0
647,4,0
683,2,0
739,0,0
653,4,0
581,8,0
584,8,0
700,1,0
650,4,0
655,3,0
582,8,0
585,8,1
669,3,0
559,9,1
561,8,0
657,3,0
563,8,0
651,4,0
710,1,0
615,6,1
663,3,0
656,3,0
675,2,0
684,2,0
701,1,1
630,5,0
652,4,0
645,4,0
630,5,0
651,4,0
589,7,0
529,9,0
600,7,0
573,8,1
438,9,1
626,5,0
752,0,0
680,2,0
708,1,0
685,2,0
499,9,1
667,3,0
720,0,0
527,9,1
665,3,0
602,7,1
705,1,0
671,2,0
650,4,0
628,5,0
645,4,0
535,9,0
638,5,0
673,2,0
712,1,0
656,3,0
612,6,1
603,7,0
612,6,0
565,8,1
620,6,0
557,9,0
671,2,0
683,2,0
850,0,0
534,9,1
635,5,0
644,4,0
779,0,0
683,2,0
632,5,0
597,7,0
689,1,0
671,2,0
630,5,1
631,5,1
643,4,0
704,1,0
627,5,0
631,5,1
719,0,0
649,4,0
633,5,0
506,9,1
663,3,0
594,7,0
652,4,0
718,0,0
594,7,1
648,4,0
730,0,0
766,0,0
592,7,0
580,8,0
688,2,0
722,0,0
602,7,0
628,5,0
712,1,0
595,7,0
694,1,0
591,7,1
656,3,0
561,8,0
728,0,0
688,2,0
650,4,0
617,6,0
647,4,0
581,8,0
746,0,0
690,1,0
577,8,0
578,8,0
706,1,0
686,2,1
688,2,0
695,1,0
683,2,0
637,5,0
606,7,1
676,2,0
693,1,0
681,2,0
730,0,0
645,4,0
598,7,0
611,6,1
712,1,0
579,8,1
642,4,0
637,5,0
690,1,0
643,4,0
673,2,0
567,8,0
641,4,0
586,8,0
685,2,0
559,9,0
660,3,0
723,0,0
621,6,0
609,6,0
650,4,1
670,3,1
756,0,0
580,8,0
606,7,0
654,3,0
726,0,0
636,5,0
610,6,0
568,8,0
724,0,0
626,5,1
690,1,0
568,8,0
639,4,0
618,6,0
592,7,0
627,5,0
666,3,0
621,6,0
645,4,0
797,0,0
559,9,1
632,5,0
587,8,0
671,2,1
699,1,0
647,4,1
736,0,0
656,3,0
654,3,0
587,8,0
783,0,0
621,6,0
574,8,0
739,0,0
659,3,0
631,5,1
629,5,1
700,1,1
517,9,0
658,3,0
592,7,1
688,2,0
557,9,0
731,0,0
573,8,0
626,5,0
539,9,0
620,6,0
714,1,0
618,6,1
609,6,0
710,1,0
617,6,0
665,3,0
559,9,0
657,3,0
543,9,1
564,8,0
619,6,0
685,2,0
647,4,0
696,1,1
552,9,0
557,9,0
701,1,0
714,1,0
739,0,0
602,7,0
639,4,0
665,3,0
687,2,0
649,4,1
661,3,0
607,7,0
537,9,1
663,3,1
703,1,0
648,4,0
611,6,0
547,9,1
739,0,0
618,6,0
617,6,0
622,6,0
628,5,0
622,6,0
666,3,1
676,2,0
492,9,0
511,9,1
638,5,0
715,0,0
568,8,0
620,6,0
531,9,0
508,9,0
686,2,0
725,0,0
727,0,0
675,2,0
593,7,0
713,1,0
627,5,0
555,9,1
707,1,0
633,5,0
654,3,0
676,2,0
611,6,0
735,0,0
720,0,0
632,5,0
586,8,0
587,8,0
590,7,1
672,2,0
584,8,0
675,2,0
721,0,0
677,2,0
559,9,0
651,4,0
682,2,0
602,7,0
623,6,0
649,4,0
526,9,0
631,5,0
608,6,0
699,1,0
713,1,0
553,9,0
671,2,0
592,7,0
662,3,0
597,7,1
680,2,0
657,3,0
643,4,0
736,0,0
646,4,0
657,3,0
532,9,1
556,9,1
639,4,1
571,8,0
599,7,0
699,1,0
616,6,0
587,8,0
562,8,1
718,0,0
700,1,0
533,9,1
551,9,0
450,9,0
674,2,0
665,3,0
639,4,0
562,8,0
589,7,0
555,9,1
598,7,0
590,7,0
623,6,1
607,7,0
715,0,0
710,1,0
631,5,0
636,5,0
602,7,1
704,1,0
661,3,0
749,0,0
629,5,0
685,2,0
674,2,0
535,9,1
775,0,0
733,0,0
564,8,1
649,4,0
601,7,1
626,5,0
545,9,0
647,4,1
620,6,0
562,8,1
657,3,0
661,3,0
648,4,0
568,8,0
548,9,0
518,9,1
670,3,0
772,0,0
536,9,1
672,2,1
707,1,0
605,7,1
722,0,0
624,5,0
693,1,0
624,5,0
661,3,0
685,2,0
590,7,0
662,3,0
635,5,0
650,4,0
676,2,0
599,7,0
706,1,0
701,1,0
663,3,0
602,7,1
502,9,0
679,2,0
578,8,0
713,1,0
597,7,0
614,6,0
542,9,1
678,2,0
591,7,0
648,4,0
656,3,0
685,2,1
664,3,0
638,5,1
663,3,0
672,2,0
728,0,0
556,9,1
623,6,0
635,5,0
657,3,0
724,0,0
679,2,0
617,6,0
641,4,0
675,2,1
605,7,0
590,7,0
600,7,0
674,2,0
712,1,0
532,9,0
573,8,0
514,9,0
640,4,0
654,3,0
681,2,0
744,0,0
622,6,0
726,0,0
623,6,0
616,6,0
677,2,0
648,4,0
618,6,0
684,2,1
722,0,0
789,0,0
721,0,0
695,1,1
603,7,0
696,1,0
576,8,0
652,4,0
599,7,0
712,1,0
588,7,0
754,0,0
563,8,0
649,4,1
726,0,0
634,5,0
703,1,0
605,7,1
628,5,0
502,9,1
626,5,0
627,5,0
539,9,0
633,5,0
621,6,0
766,0,0
587,8,0
612,6,0
707,1,0
558,9,0
656,3,0
581,8,0
583,8,0
597,7,1
591,7,1
729,0,1
611,6,1
623,6,1
539,9,1
719,0,0
658,3,0
628,5,0
577,8,1
629,5,0
696,1,0
612,6,0
726,0,0
589,7,1
579,8,0
607,7,0
693,1,0
699,1,0
664,3,0
708,1,0
531,9,1
741,0,0
683,2,0
719,0,0
571,8,0
637,5,0
734,0,0
635,5,0
697,1,0
678,2,0
732,0,0
641,4,0
662,3,0
536,9,0
679,2,0
679,2,0
736,0,0
708,1,0
635,5,0
757,0,0
628,5,0
684,2,0
692,1,0
616,6,1
618,6,1
655,3,0
573,8,0
639,4,0
707,1,0
575,8,1
682,2,0
655,3,1
657,3,0
580,8,0
630,5,0
702,1,0
588,7,0
717,0,0
619,6,0
523,9,1
658,3,0
554,9,1
627,5,0
545,9,0
749,0,0
748,0,0
665,3,0
570,8,0
770,0,0
633,5,0
587,8,0
626,5,1
643,4,0
725,0,0
702,1,0
695,1,0
629,5,0
624,5,0
657,3,0
639,4,0
664,3,0
713,1,0
603,7,0
654,3,0
614,6,0
605,7,0
563,8,0
705,1,0
574,8,0
744,0,0
620,6,0
671,2,0
601,7,0
580,8,0
643,4,0
605,7,0
569,8,0
584,8,0
551,9,0
734,0,0
602,7,0
619,6,0
605,7,0
657,3,0
653,4,0
639,4,0
628,5,0
536,9,1
650,4,0
557,9,0
532,9,0
603,7,0
608,6,0
602,7,0
535,9,1
690,1,0
542,9,1
602,7,1
658,3,0
646,4,0
592,7,0
598,7,0
576,8,1
715,0,0
605,7,0
593,7,0
616,6,0
747,0,0
655,3,1
688,2,0
726,0,0
671,2,0
712,1,0
717,0,0
699,1,0
584,8,0
740,0,0
652,4,0
527,9,0
700,1,0
498,9,1
693,1,0
608,6,0
712,1,0
631,5,1
713,1,0
600,7,0
663,3,0
622,6,0
577,8,1
745,0,0
580,8,1
580,8,1
693,1,0
651,4,0
633,5,0
595,7,0
653,4,0
573,8,0
656,3,0
640,4,1
622,6,0
696,1,0
549,9,0
628,5,0
697,1,0
686,2,0
593,7,1
622,6,0
580,8,0
687,2,0
650,4,0
644,4,0
555,9,0
577,8,0
654,3,0
479,9,1
599,7,0
656,3,0
466,9,1
706,1,0
711,1,0
628,5,1
664,3,0
508,9,0
675,2,0
653,4,1
674,2,0
642,4,0
697,1,0
682,2,1
689,1,0
761,0,0
621,6,0
712,1,0
654,3,0
658,3,0
582,8,0
611,6,0
557,9,1
711,1,0
723,0,0
672,2,0
637,5,0
676,2,0
626,5,0
649,4,0
564,8,1
612,6,1
610,6,0
563,8,1
646,4,0
554,9,0
652,4,0
661,3,1
571,8,1
620,6,1
694,1,0
592,7,1
552,9,1
616,6,0
639,4,0
566,8,1
597,7,0
514,9,0
613,6,0
640,4,0
544,9,1
684,2,0
546,9,0
636,5,0
604,7,0
524,9,0
611,6,1
655,3,0
575,8,0
712,1,0
620,6,0
706,1,0
626,5,0
661,3,0
573,8,1
654,3,0
630,5,1
669,3,0
638,5,0
626,5,0
584,8,0
651,4,0
645,4,0
574,8,0
615,6,0
636,5,0
498,9,1
721,0,0
641,4,1
697,1,0
628,5,0
628,5,0
595,7,0
682,2,0
682,2,0
672,2,0
626,5,0
645,4,0
537,9,0
621,6,0
649,4,0
561,8,0
577,8,1
689,1,1
667,3,1
646,4,0
637,5,0
618,6,0
522,9,1
661,3,0
584,8,0
750,0,0
528,9,1
565,8,0
643,4,0
623,6,0
568,8,0
710,1,0
649,4,1
645,4,1
737,0,0
707,1,0
521,9,0
735,0,0
691,1,0
605,7,1
687,2,0
636,5,1
660,3,0
610,6,0
534,9,0
683,2,0
713,1,1
693,1,0
580,8,1
662,3,0
530,9,1
567,8,0
618,6,1
617,6,0
527,9,0
676,2,0
639,4,0
494,9,0
581,8,0
593,7,0
637,5,1
731,0,0
551,9,1
543,9,1
642,4,0
663,3,0
672,2,0
667,3,0
715,0,0
585,8,1
672,2,1
738,0,0
609,6,0
673,2,0
587,8,0
700,1,0
632,5,0
661,3,0
711,1,0
695,1,1
577,8,1
629,5,0
713,1,1
710,1,0
727,0,0
661,3,0
626,5,0
685,2,0
610,6,0
592,7,0
602,7,0
678,2,0
616,6,0
686,2,0
587,8,0
685,2,0
661,3,1
599,7,1
539,9,0
499,9,0
517,9,1
613,6,0
498,9,1
642,4,0
562,8,0
584,8,0
539,9,0
610,6,1
713,1,0
586,8,1
722,0,0
644,4,0
652,4,0
604,7,0
673,2,0
657,3,0
617,6,0
601,7,1
690,1,0
621,6,0
662,3,0
562,8,0
590,7,0
665,3,1
633,5,0
679,2,0
674,2,0
662,3,0
760,0,0
614,6,1
737,0,0
597,7,0
716,0,0
660,3,0
739,0,0
653,4,0
614,6,1
550,9,0
628,5,0
626,5,0
704,1,0
723,0,0
723,0,0
681,2,0
584,8,0
491,9,1
600,7,1
588,7,1
585,8,1
649,4,0
573,8,0
688,2,0
611,6,0
632,5,0
620,6,0
720,0,0
621,6,0
743,0,0
596,7,0
614,6,0
624,5,1
672,2,0
545,9,1
736,0,0
548,9,0
667,3,0
614,6,0
692,1,0
663,3,0
616,6,0
619,6,0
720,0,0
532,9,1
718,0,0
697,1,0
609,6,0
671,2,0
635,5,0
541,9,1
666,3,0
636,5,0
657,3,0
584,8,1
665,3,0
617,6,0
614,6,0
598,7,0
597,7,1
666,3,0
659,3,0
652,4,0
546,9,0
696,1,0
653,4,0
487,9,1
592,7,0
541,9,0
613,6,1
677,2,0
666,3,0
666,3,0
594,7,0
614,6,1
639,4,0
715,0,0
536,9,1
690,1,0
646,4,0
597,7,0
647,4,0
647,4,1
679,2,0
629,5,0
738,0,0
654,3,0
523,9,0
655,3,0
590,7,0
682,2,0
608,6,1
706,1,0
700,1,0
610,6,1
619,6,1
555,9,1
598,7,0
637,5,0
661,3,0
613,6,0
703,1,0
599,7,1
611,6,0
627,5,0
583,8,0
608,6,0
626,5,0
687,2,0
642,4,0
724,0,0
677,2,0
643,4,0
600,7,0
593,7,0
671,2,0
521,9,0
635,5,0
646,4,0
634,5,0
652,4,1
669,3,0
679,2,0
638,5,1
748,0,0
640,4,1
558,9,0
759,0,0
503,9,0
680,2,0
566,8,1
525,9,0
670,3,0
582,8,0
691,1,0
583,8,1
570,8,1
682,2,1
669,3,0
610,6,1
564,8,0
735,0,0
584,8,0
633,5,0
673,2,0
709,1,0
572,8,0
533,9,0
681,2,0
593,7,1
675,2,0
636,5,1
532,9,1
680,2,0
592,7,0
653,4,0
641,4,0
685,2,0
533,9,1
654,3,0
686,2,0
636,5,0
633,5,1
666,3,0
511,9,1
692,1,0
667,3,0
610,6,0
701,1,0
615,6,0
683,2,0
559,9,0
630,5,1
664,3,0
677,2,0
660,3,0
684,2,0
560,9,1
653,4,1
617,6,0
613,6,0
680,2,0
692,1,0
642,4,0
640,4,0
643,4,0
455,9,1
672,2,0
582,8,0
535,9,0
618,6,0
690,1,0
657,3,1
601,7,0
624,5,0
669,3,1
578,8,1
661,3,1
679,2,0
719,0,1
663,3,0
581,8,1
810,0,0
644,4,0
624,5,0
593,7,1
664,3,0
631,5,0
564,8,1
614,6,0
556,9,0
712,1,0
630,5,0
674,2,1
549,9,1
654,3,0
580,8,0
590,7,0
738,0,0
604,7,0
631,5,0
657,3,0
631,5,0
549,9,1
652,4,0
671,2,0
581,8,0
672,2,0
725,0,0
734,0,0
487,9,0
635,5,0
594,7,0
625,5,0
594,7,1
602,7,0
624,5,0
573,8,0
694,1,0
535,9,1
685,2,0
456,9,1
624,5,0
676,2,0
595,7,0
646,4,0
619,6,0
611,6,0
661,3,0
777,0,0
630,5,0
626,5,0
615,6,0
653,4,0
645,4,0
663,3,0
587,8,0
600,7,0
680,2,0
669,3,0
684,2,0
597,7,0
612,6,0
552,9,0
647,4,0
656,3,0
542,9,0
728,0,0
644,4,0
669,3,0
576,8,0
586,8,0
746,0,0
494,9,1
563,8,0
597,7,1
662,3,0
656,3,0
716,0,0
627,5,0
739,0,0
697,1,0
699,1,0
634,5,0
519,9,1
702,1,1
707,1,0
752,0,0
586,8,1
581,8,0
654,3,0
725,0,0
649,4,0
480,9,1
607,7,0
657,3,1
586,8,0
787,0,0
650,4,0
621,6,0
728,0,0
641,4,0
619,6,0
692,1,0
709,1,0
569,8,0
720,0,0
714,1,1
673,2,0
650,4,0
593,7,0
667,3,0
643,4,0
576,8,0
727,0,0
632,5,0
772,0,0
591,7,0
475,9,1
672,2,0
562,8,0
575,8,1
589,7,1
613,6,1
685,2,0
685,2,0
673,2,0
581,8,0
607,7,1
543,9,0
502,9,0
590,7,1
628,5,0
636,5,0
702,1,0
698,1,0
654,3,1
667,3,0
550,9,1
615,6,0
576,8,0
709,1,0
614,6,0
588,7,0
673,2,0
565,8,1
677,2,0
645,4,0
609,6,0
613,6,0
752,0,0
623,6,1
722,0,0
592,7,1
485,9,1
594,7,1
579,8,0
647,4,0
441,9,1
568,8,0
669,3,0
674,2,1
702,1,0
700,1,0
628,5,1
647,4,1
629,5,0
613,6,0
651,4,0
561,8,0
604,7,0
669,3,0
595,7,0
569,8,0
741,0,0
658,3,0
599,7,0
637,5,1
664,3,0
615,6,0
736,0,0
666,3,0
585,8,0
660,3,1
580,8,0
712,1,0
617,6,0
629,5,0
624,5,1
511,9,0
573,8,0
715,0,0
598,7,1
560,9,0
700,1,0
633,5,0
784,0,0
605,7,0
569,8,1
650,4,0
657,3,0
648,4,0
648,4,1
634,5,0
636,5,0
675,2,0
698,1,0
640,4,0
608,6,0
529,9,0
550,9,0
514,9,1
585,8,0
543,9,0
693,1,0
656,3,0
590,7,0
523,9,0
724,0,0
680,2,0
639,4,0
764,0,0
718,0,0
650,4,0
641,4,0
655,3,0
615,6,0
563,8,0
701,1,0
720,0,0
684,2,0
550,9,0
657,3,1
653,4,0
585,8,0
648,4,0
653,4,0
696,1,0
521,9,0
611,6,0
669,3,0
606,7,0
593,7,0
656,3,0
666,3,0
620,6,0
645,4,0
586,8,0
665,3,0
692,1,0
600,7,0
751,0,0
651,4,0
659,3,0
590,7,0
526,9,0
656,3,0
641,4,0
620,6,0
681,2,0
673,2,0
731,0,0
567,8,0
682,2,0
604,7,0
590,7,1
733,0,0
606,7,1
646,4,0
604,7,0
685,2,0
609,6,1
726,0,0
702,1,0
721,0,0
558,9,0
600,7,0
737,0,0
619,6,0
639,4,0
748,0,0
692,1,0
500,9,1
644,4,0
590,7,0
668,3,0
559,9,0
620,6,0
479,9,1
633,5,0
692,1,0
721,0,0
558,9,1
575,8,1
600,7,0
608,6,0
700,1,0
586,8,1
683,2,0
625,5,1
664,3,0
719,0,0
574,8,1
575,8,0
566,8,1
613,6,0
686,2,0
663,3,0
618,6,0
666,3,1
711,1,0
737,0,0
691,1,0
591,7,0
542,9,0
611,6,0
602,7,1
597,7,0
685,2,0
508,9,0
598,7,0
573,8,0
579,8,0
603,7,0
619,6,0
573,8,1
512,9,1
627,5,0
543,9,0
524,9,1
672,2,0
630,5,1
672,2,0
645,4,0
654,3,0
537,9,1
683,2,0
620,6,0
643,4,0
677,2,0
683,2,0
669,3,0
530,9,1
633,5,0
670,3,0
660,3,0
686,2,0
620,6,1
596,7,0
622,6,0
603,7,0
716,0,0
647,4,0
575,8,0
709,1,1
670,3,0
723,0,0
639,4,1
653,4,0
655,3,0
581,8,0
546,9,1
672,2,0
662,3,0
673,2,0
634,5,0
585,8,0
600,7,0
658,3,0
549,9,1
585,8,1
633,5,0
586,8,0
683,2,0
715,0,0
700,1,0
665,3,0
720,0,0
580,8,0
713,1,0
659,3,1
588,7,0
624,5,0
669,3,0
708,1,0
598,7,0
652,4,0
602,7,0
635,5,0
661,3,0
476,9,1
650,4,1
638,5,1
623,6,0
623,6,0
600,7,0
718,0,0
612,6,0
555,9,0
637,5,0
631,5,0
621,6,0
649,4,0
709,1,0
634,5,0
502,9,1
732,0,0
700,1,0
734,0,0
613,6,0
612,6,0
556,9,0
544,9,1
778,0,0
736,0,0
546,9,1
591,7,0
600,7,0
586,8,0
498,9,1
554,9,1
589,7,0
607,7,1
584,8,0
605,7,0
556,9,0
594,7,0
572,8,0
579,8,1
627,5,1
646,4,0
681,2,0
613,6,0
641,4,0
643,4,0
606,7,0
704,1,0
570,8,0
565,8,0
641,4,0
729,0,0
722,0,0
670,3,0
628,5,0
546,9,1
661,3,0
707,1,0
644,4,0
687,2,0
639,4,0
654,3,0
672,2,0
577,8,0
614,6,0
598,7,0
603,7,1
568,8,1
619,6,0
694,1,0
610,6,0
610,6,0
694,1,0
715,0,0
653,4,0
729,0,0
729,0,0
652,4,0
675,2,0
600,7,0
688,2,0
652,4,0
705,1,0
653,4,1
501,9,1
586,8,0
612,6,0
625,5,0
528,9,0
659,3,0
589,7,1
566,8,0
608,6,0
668,3,0
602,7,0
718,0,0
610,6,0
610,6,0
645,4,0
624,5,0
575,8,1
623,6,0
637,5,1
485,9,1
607,7,0
597,7,0
644,4,0
549,9,1
660,3,0
585,8,0
640,4,0
614,6,0
749,0,0
643,4,0
741,0,0
720,0,0
695,1,0
638,5,0
742,0,0
594,7,0
624,5,0
632,5,0
641,4,0
669,3,1
657,3,0
655,3,0
713,1,0
713,1,0
671,2,0
741,0,0
714,1,0
621,6,0
656,3,0
577,8,0
587,8,1
583,8,0
682,2,0
555,9,0
570,8,0
652,4,0
614,6,0
711,1,0
581,8,1
712,1,0
656,3,0
645,4,0
740,0,0
640,4,0
757,0,0
633,5,0
697,1,0
676,2,0
582,8,1
654,3,0
557,9,1
563,8,1
628,5,0
617,6,0
490,9,1
633,5,1
719,0,0
774,0,0
650,4,1
659,3,1
730,0,0
543,9,1
711,1,0
639,4,0
726,0,0
586,8,0
616,6,0
719,0,0
639,4,0
681,2,0
620,6,0
823,0,0
640,4,0
685,2,0
595,7,0
641,4,0
600,7,0
714,1,0
511,9,0
646,4,0
591,7,0
505,9,1
686,2,0
751,0,0
770,0,0
617,6,0
601,7,0
483,9,1
757,0,0
633,5,0
635,5,0
663,3,0
596,7,0
622,6,0
603,7,0
644,4,0
692,1,0
548,9,1
635,5,0
528,9,0
691,1,0
592,7,0
632,5,0
626,5,0
633,5,0
704,1,0
602,7,1
661,3,0
626,5,0
619,6,1
644,4,0
634,5,0
519,9,0
791,0,0
642,4,1
664,3,0
656,3,0
710,1,0
675,2,0
626,5,0
650,4,0
576,8,0
649,4,0
650,4,0
508,9,0
508,9,0
702,1,0
659,3,0
630,5,0
696,1,0
665,3,0
679,2,1
562,8,1
637,5,0
496,9,1
549,9,1
601,7,1
656,3,0
609,6,1
643,4,0
582,8,0
645,4,0
597,7,0
661,3,0
584,8,1
665,3,0
677,2,0
547,9,1
521,9,1
628,5,0
609,6,1
612,6,0
666,3,0
691,1,0
678,2,0
626,5,0
586,8,0
599,7,0
654,3,0
547,9,0
648,4,1
574,8,0
634,5,0
659,3,0
747,0,0
683,2,0
702,1,0
769,0,0
595,7,0
669,3,0
663,3,0
483,9,1
664,3,0
533,9,0
622,6,0
619,6,0
574,8,0
624,5,0
646,4,0
575,8,0
662,3,0
536,9,1
642,4,0
618,6,0
613,6,0
690,1,0
664,3,1
714,1,0
646,4,0
644,4,0
678,2,0
485,9,1
779,0,0
584,8,0
697,1,0
598,7,1
751,0,0
641,4,0
646,4,0
625,5,0
635,5,0
616,6,1
621,6,0
764,0,0
660,3,0
612,6,0
664,3,0
674,2,0
604,7,0
685,2,0
701,1,0
610,6,0
630,5,0
741,0,0
582,8,0
664,3,1
579,8,0
804,0,0
512,9,1
592,7,0
603,7,0
691,1,1
663,3,0
681,2,0
697,1,0
577,8,1
683,2,0
639,4,0
609,6,0
629,5,0
665,3,0
718,0,0
685,2,0
678,2,0
660,3,0
708,1,0
683,2,0
680,2,0
565,8,0
650,4,0
629,5,0
638,5,0
540,9,0
601,7,0
629,5,1
549,9,1
622,6,0
593,7,0
579,8,0
551,9,1
619,6,0
710,1,1
613,6,0
585,8,0
747,0,0
626,5,0
673,2,0
611,6,0
698,1,0
664,3,0
562,8,0
639,4,0
715,0,0
603,7,1
607,7,0
706,1,0
646,4,0
501,9,1
690,1,0
615,6,0
663,3,0
672,2,1
643,4,0
687,2,0
639,4,1
667,3,0
705,1,0
515,9,1
605,7,0
628,5,0
715,0,1
650,4,0
734,0,0
619,6,0
662,3,0
690,1,0
644,4,0
799,0,0
616,6,0
574,8,0
714,1,0
676,2,0
628,5,1
607,7,0
632,5,0
639,4,1
560,9,1
580,8,0
706,1,0
713,1,0
620,6,0
618,6,1
634,5,0
641,4,0
617,6,0
651,4,0
733,0,0
609,6,0
655,3,1
528,9,1
541,9,1
621,6,0
538,9,1
552,9,0
668,3,0
651,4,0
643,4,0
569,8,0
580,8,0
709,1,0
613,6,0
686,2,1
667,3,1
686,2,0
641,4,0
601,7,0
583,8,0
567,8,1
654,3,0
610,6,1
616,6,0
584,8,0
540,9,0
621,6,1
561,8,0
785,0,0
597,7,0
661,3,0
578,8,0
619,6,0
666,3,1
527,9,0
567,8,1
580,8,1
673,2,0
670,3,0
632,5,0
667,3,0
729,0,1
592,7,1
662,3,0
586,8,0
608,6,0
682,2,0
743,0,0
602,7,1
718,0,0
617,6,0
662,3,0
587,8,0
717,0,0
610,6,0
715,0,0
769,0,0
655,3,0
719,0,0
707,1,0
603,7,0
614,6,0
629,5,0
652,4,0
689,1,0
628,5,0
547,9,1
605,7,1
718,0,0
668,3,0
647,4,0
625,5,0
642,4,0
585,8,0
599,7,0
590,7,1
673,2,0
588,7,0
657,3,0
746,0,0
671,2,0
668,3,0
674,2,0
650,4,0
585,8,0
655,3,0
605,7,0
580,8,0
619,6,0
649,4,0
598,7,0
615,6,0
600,7,0
631,5,0
608,6,1
563,8,1
677,2,0
649,4,0
575,8,0
645,4,1
619,6,0
663,3,0
652,4,0
650,4,0
548,9,0
486,9,1
677,2,0
747,0,0
571,8,0
655,3,0
596,7,0
669,3,0
624,5,0
674,2,0
637,5,0
558,9,0
743,0,0
547,9,1
572,8,0
571,8,0
659,3,1
629,5,0
665,3,0
489,9,1
810,0,1
658,3,0
645,4,0
625,5,0
698,1,0
588,7,1
651,4,0
583,8,1
673,2,0
706,1,0
533,9,0
653,4,0
785,0,0
600,7,0
709,1,0
631,5,0
665,3,0
693,1,0
607,7,0
602,7,0
701,1,0
480,9,0
609,6,0
681,2,0
658,3,0
757,0,0
607,7,0
683,2,0
598,7,1
636,5,0
606,7,0
593,7,0
570,8,1
450,9,0
654,3,0
666,3,1
676,2,0
637,5,0
623,6,1
545,9,1
715,0,1
661,3,0
613,6,0
663,3,1
652,4,0
570,8,0
696,1,0
594,7,0
696,1,0
666,3,0
703,1,0
747,0,0
580,8,1
590,7,0
588,7,0
581,8,0
725,0,0
692,1,0
590,7,1
640,4,0
729,0,0
612,6,0
546,9,1
559,9,1
592,7,0
653,4,0
575,8,0
593,7,1
641,4,0
623,6,0
668,3,0
751,0,0
562,8,0
719,0,0
584,8,0
643,4,0
689,1,0
572,8,0
570,8,0
647,4,0
686,2,0
768,0,0
606,7,0
668,3,0
671,2,0
702,1,0
667,3,1
631,5,0
477,9,1
800,0,0
780,0,0
606,7,0
718,0,0
654,3,0
603,7,0
611,6,0
631,5,0
666,3,1
554,9,1
666,3,0
595,7,0
688,2,0
624,5,0
686,2,0
615,6,0
543,9,0
630,5,1
588,7,0
655,3,0
646,4,0
602,7,0
614,6,0
682,2,0
672,2,0
685,2,0
522,9,0
649,4,1
657,3,0
579,8,1
554,9,0
737,0,0
555,9,0
623,6,0
556,9,0
660,3,0
695,1,0
634,5,0
636,5,0
557,9,1
611,6,0
626,5,0
631,5,0
555,9,0
651,4,0
651,4,0
608,6,0
526,9,0
717,0,0
637,5,0
656,3,0
529,9,0
682,2,0
634,5,0
661,3,0
631,5,0
711,1,0
654,3,0
625,5,0
703,1,0
614,6,0
603,7,0
726,0,0
735,0,0
673,2,0
699,1,0
583,8,1
561,8,1
674,2,0
646,4,0
652,4,0
618,6,0
578,8,1
579,8,0
657,3,0
731,0,0
666,3,0
631,5,0
655,3,0
691,1,0
553,9,0
614,6,0
732,0,0
724,0,0
637,5,0
718,0,0
547,9,0
492,9,1
590,7,0
643,4,1
524,9,0
704,1,0
688,2,0
544,9,1
602,7,0
616,6,0
641,4,0
610,6,1
613,6,1
678,2,0
791,0,0
566,8,1
686,2,0
635,5,0
587,8,0
598,7,0
679,2,0
619,6,0
686,2,0
665,3,0
733,0,0
621,6,0
692,1,0
654,3,0
646,4,0
624,5,0
576,8,0
509,9,1
678,2,0
653,4,0
683,2,0
675,2,0
673,2,0
591,7,0
646,4,0
680,2,0
635,5,1
599,7,0
552,9,0
589,7,0
563,8,1
586,8,0
578,8,0
638,5,0
591,7,0
628,5,0
624,5,0
831,0,0
616,6,0
774,0,0
570,8,1
623,6,1
532,9,1
694,1,0
584,8,1
674,2,0
542,9,0
642,4,1
581,8,0
600,7,0
553,9,0
625,5,0
620,6,0
608,6,0
725,0,0
541,9,0
693,1,0
638,5,0
481,9,1
660,3,0
660,3,0
514,9,1
632,5,0
724,0,0
606,7,1
605,7,0
722,0,0
567,8,0
610,6,0
677,2,0
509,9,1
634,5,0
500,9,1
611,6,0
476,9,0
627,5,0
771,0,0
669,3,0
728,0,0
543,9,0
707,1,0
599,7,0
619,6,0
609,6,1
575,8,0
622,6,0
641,4,0
621,6,0
612,6,1
574,8,1
626,5,0
561,8,1
577,8,0
602,7,1
634,5,1
596,7,0
728,0,0
609,6,0
617,6,0
528,9,1
635,5,0
602,7,1
574,8,1
705,1,0
592,7,0
638,5,0
687,2,0
662,3,0
576,8,0
613,6,0
555,9,0
462,9,1
688,2,0
670,3,0
555,9,0
607,7,1
719,0,0
520,9,1
637,5,1
665,3,0
638,5,0
707,1,0
714,1,0
585,8,0
655,3,0
713,1,0
586,8,0
728,0,0
651,4,0
671,2,0
681,2,0
608,6,0
610,6,0
648,4,0
636,5,0
655,3,1
521,9,1
651,4,0
677,2,0
644,4,0
633,5,0
596,7,1
669,3,0
605,7,1
672,2,1
640,4,1
738,0,0
688,2,0
645,4,1
593,7,0
608,6,0
664,3,0
587,8,0
571,8,0
587,8,0
755,0,1
616,6,0
572,8,0
597,7,0
707,1,0
680,2,0
695,1,1
621,6,1
679,2,0
596,7,1
635,5,0
603,7,0
634,5,0
688,2,0
729,0,0
641,4,0
687,2,0
551,9,0
625,5,0
634,5,0
626,5,0
760,0,0
617,6,0
737,0,0
633,5,0
679,2,0
656,3,0
725,0,0
716,0,0
579,8,0
659,3,0
574,8,0
540,9,0
627,5,0
584,8,0
536,9,1
578,8,1
634,5,0
633,5,0
684,2,0
670,3,0
537,9,0
620,6,0
642,4,0
604,7,1
673,2,0
575,8,0
712,1,0
652,4,0
675,2,0
682,2,0
613,6,1
465,9,1
628,5,0
594,7,1
699,1,0
617,6,0
636,5,0
732,0,0
680,2,0
571,8,1
598,7,0
653,4,0
634,5,0
550,9,0
756,0,0
615,6,0
634,5,0
595,7,1
774,0,0
610,6,1
637,5,0
777,0,0
688,2,0
613,6,0
669,3,0
713,1,0
757,0,0
599,7,0
546,9,1
611,6,0
694,1,0
518,9,1
651,4,0
639,4,0
667,3,0
654,3,0
553,9,0
658,3,0
639,4,0
599,7,1
671,2,0
674,2,0
512,9,0
620,6,0
566,8,0
562,8,0
668,3,0
588,7,0
656,3,0
565,8,0
663,3,1
562,8,0
663,3,0
702,1,0
653,4,0
588,7,0
634,5,0
645,4,0
497,9,1
630,5,0
614,6,1
721,0,0
664,3,1
626,5,1
598,7,0
557,9,1
703,1,0
677,2,0
698,1,0
612,6,0
775,0,0
622,6,0
649,4,1
649,4,0
671,2,1
669,3,0
520,9,0
575,8,0
653,4,0
564,8,0
545,9,1
506,9,1
648,4,0
593,7,0
599,7,0
660,3,0
731,0,0
711,1,0
713,1,0
543,9,1
632,5,1
667,3,0
569,8,0
696,1,0
566,8,0
678,2,0
667,3,0
569,8,0
675,2,0
675,2,0
594,7,0
618,6,0
625,5,0
721,0,0
607,7,0
627,5,0
585,8,0
614,6,0
696,1,1
625,5,0
666,3,0
685,2,0
570,8,0
601,7,0
688,2,0
644,4,0
706,1,0
678,2,0
609,6,0
577,8,0
698,1,0
640,4,0
626,5,0
640,4,0
660,3,0
574,8,0
733,0,0
512,9,0
599,7,1
710,1,0
797,0,0
613,6,0
725,0,0
645,4,0
595,7,0
787,0,0
674,2,0
643,4,0
634,5,0
628,5,0
560,9,1
565,8,1
725,0,0
677,2,0
684,2,0
586,8,0
648,4,0
543,9,0
573,8,0
589,7,0
587,8,0
618,6,1
743,0,0
748,0,0
507,9,1
586,8,0
675,2,0
635,5,0
624,5,0
558,9,0
648,4,0
707,1,0
626,5,0
487,9,1
674,2,0
760,0,0
636,5,0
546,9,1
590,7,1
687,2,1
575,8,0
699,1,0
633,5,0
556,9,0
693,1,0
661,3,0
674,2,0
658,3,1
669,3,0
661,3,0
636,5,1
653,4,0
669,3,0
643,4,0
604,7,0
728,0,0
618,6,0
558,9,1
635,5,0
547,9,0
647,4,0
645,4,0
593,7,0
728,0,0
635,5,0
658,3,0
654,3,1
620,6,0
708,1,0
558,9,0
680,2,0
620,6,0
620,6,0
646,4,0
673,2,0
686,2,0
595,7,0
690,1,0
647,4,0
679,2,0
690,1,0
674,2,0
653,4,0
689,1,0
592,7,0
699,1,1
581,8,0
665,3,0
661,3,0
568,8,0
543,9,1
692,1,0
694,1,0
690,1,0
577,8,0
604,7,0
659,3,1
686,2,0
613,6,0
699,1,0
715,0,0
732,0,0
624,5,0
581,8,0
667,3,0
602,7,0
575,8,0
699,1,0
473,9,1
765,0,0
652,4,0
635,5,1
650,4,0
588,7,0
639,4,0
599,7,0
568,8,0
635,5,1
634,5,1
652,4,0
692,1,0
698,1,1
641,4,0
532,9,1
641,4,0
573,8,0
603,7,0
622,6,0
705,1,0
629,5,1
630,5,1
571,8,0
681,2,0
597,7,0
578,8,1
710,1,0
597,7,1
691,1,0
663,3,0
595,7,1
558,9,1
685,2,0
621,6,0
651,4,1
549,9,1
564,8,0
702,1,0
636,5,0
565,8,1
604,7,0
638,5,1
600,7,0
683,2,1
615,6,0
585,8,0
603,7,0
601,7,0
640,4,0
667,3,0
646,4,0
612,6,0
697,1,0
645,4,0
717,0,0
574,8,0
617,6,0
690,1,0
626,5,1
600,7,0
610,6,1
561,8,1
622,6,0
673,2,0
673,2,0
691,1,0
740,0,0
511,9,0
691,1,0
581,8,0
702,1,0
673,2,0
624,5,0
645,4,0
588,7,0
694,1,0
638,5,1
628,5,1
688,2,0
682,2,0
626,5,0
678,2,0
644,4,0
670,3,1
720,0,0
606,7,1
540,9,1
771,0,0
662,3,0
631,5,0
719,0,0
523,9,0
706,1,0
666,3,0
647,4,0
686,2,0
638,5,0
611,6,0
725,0,0
702,1,0
521,9,1
805,0,0
581,8,0
639,4,1
674,2,0
630,5,0
681,2,0
600,7,0
595,7,0
612,6,0
681,2,0
705,1,0
615,6,0
724,0,0
563,8,1
688,2,0
652,4,0
723,0,0
685,2,0
629,5,1
540,9,1
587,8,1
620,6,0
564,8,0
675,2,0
625,5,1
669,3,0
583,8,0
647,4,0
663,3,0
653,4,0
740,0,0
640,4,0
699,1,0
688,2,0
657,3,0
554,9,0
625,5,0
732,0,0
650,4,0
643,4,1
636,5,0
668,3,1
696,1,0
612,6,1
652,4,0
605,7,0
579,8,0
621,6,0
688,2,0
661,3,0
733,0,0
597,7,0
637,5,0
601,7,0
602,7,0
743,0,0
651,4,1
653,4,1
592,7,0
608,6,0
741,0,0
637,5,0
702,1,0
649,4,0
626,5,0
605,7,0
664,3,0
687,2,0
573,8,0
558,9,0
584,8,0
510,9,1
689,1,0
577,8,1
662,3,0
629,5,0
555,9,0
663,3,1
721,0,0
575,8,0
580,8,1
753,0,1
561,8,0
481,9,0
671,2,0
459,9,0
752,0,0
648,4,1
621,6,1
566,8,1
573,8,0
699,1,0
618,6,0
717,0,0
645,4,0
576,8,0
683,2,0
593,7,0
527,9,1
669,3,1
608,6,1
654,3,0
562,8,1
576,8,0
667,3,0
558,9,1
625,5,0
599,7,1
643,4,0
645,4,0
600,7,1
690,1,0
711,1,0
576,8,0
601,7,0
679,2,0
594,7,0
666,3,0
615,6,0
593,7,0
607,7,0
655,3,0
699,1,0
716,0,0
617,6,0
565,8,0
683,2,0
684,2,0
587,8,0
692,1,1
670,3,0
562,8,0
645,4,1
620,6,0
619,6,0
658,3,0
624,5,1
655,3,0
616,6,0
610,6,0
573,8,1
537,9,0
544,9,1
661,3,0
607,7,1
609,6,0
708,1,0
667,3,0
756,0,0
642,4,0
675,2,0
600,7,0
592,7,0
743,0,0
642,4,0
646,4,0
587,8,0
702,1,0
691,1,0
655,3,0
707,1,0
675,2,0
626,5,0
659,3,0
656,3,0
615,6,0
603,7,1
649,4,0
500,9,1
488,9,1
642,4,0
665,3,0
704,1,0
679,2,0
664,3,0
551,9,1
700,1,0
592,7,0
653,4,0
568,8,0
607,7,1
701,1,0
605,7,0
541,9,1
652,4,0
717,0,0
689,1,0
706,1,0
633,5,0
668,3,0
603,7,1
587,8,0
730,0,0
522,9,0
600,7,0
695,1,0
706,1,0
592,7,0
667,3,0
609,6,0
760,0,0
537,9,0
624,5,0
556,9,0
677,2,0
609,6,0
661,3,0
665,3,0
743,0,0
631,5,0
636,5,0
610,6,0
599,7,0
546,9,1
656,3,0
647,4,0
707,1,0
503,9,1
700,1,0
717,0,0
693,1,0
649,4,0
569,8,1
713,1,0
698,1,0
634,5,0
666,3,0
609,6,0
658,3,0
605,7,0
526,9,0
560,9,0
650,4,0
620,6,0
650,4,0
642,4,0
572,8,1
660,3,0
658,3,1
561,8,0
675,2,0
522,9,1
707,1,0
602,7,0
425,9,1
619,6,0
566,8,1
623,6,0
612,6,0
688,2,0
612,6,0
733,0,0
654,3,0
664,3,0
597,7,0
728,0,0
563,8,0
691,1,1
642,4,0
679,2,0
631,5,1
674,2,0
606,7,0
643,4,0
653,4,0
669,3,0
583,8,0
537,9,0
691,1,0
623,6,1
671,2,0
705,1,0
623,6,0
712,1,0
672,2,1
589,7,1
650,4,0
583,8,0
547,9,1
632,5,0
669,3,0
597,7,0
586,8,0
578,8,1
702,1,0
533,9,0
748,0,0
585,8,0
577,8,0
574,8,1
585,8,0
501,9,1
634,5,0
574,8,0
708,1,0
634,5,1
590,7,0
644,4,0
733,0,0
812,0,0
546,9,0
687,2,0
711,1,0
641,4,0
581,8,0
597,7,0
666,3,0
614,6,0
492,9,1
573,8,1
642,4,0
714,1,0
548,9,0
618,6,0
666,3,1
636,5,0
574,8,1
635,5,0
530,9,0
687,2,0
607,7,1
637,5,1
636,5,1
677,2,1
540,9,1
692,1,0
680,2,1
690,1,0
675,2,0
623,6,0
572,8,0
564,8,1
655,3,0
565,8,0
577,8,0
634,5,0
709,1,0
581,8,0
602,7,0
620,6,0
659,3,0
569,8,0
652,4,0
613,6,0
663,3,0
614,6,1
552,9,1
627,5,0
603,7,0
641,4,0
562,8,0
597,7,0
659,3,0
632,5,0
576,8,0
696,1,0
669,3,0
777,0,0
633,5,0
612,6,0
703,1,0
599,7,1
687,2,0
612,6,1
661,3,0
668,3,0
576,8,0
603,7,0
660,3,0
629,5,0
643,4,0
691,1,0
525,9,0
619,6,0
555,9,0
599,7,0
599,7,1
588,7,1
622,6,0
607,7,0
635,5,0
687,2,0
641,4,1
526,9,1
686,2,1
617,6,0
638,5,0
649,4,0
548,9,0
671,2,1
605,7,0
652,4,0
633,5,0
657,3,0
713,1,0
565,8,0
665,3,0
670,3,0
639,4,0
652,4,0
578,8,0
668,3,0
555,9,0
653,4,0
731,0,1
690,1,0
652,4,0
660,3,0
616,6,0
690,1,0
666,3,0
769,0,0
616,6,0
584,8,0
630,5,1
616,6,0
709,1,0
606,7,1
712,1,0
646,4,0
670,3,0
683,2,0
647,4,0
604,7,0
549,9,0
615,6,0
649,4,0
561,8,1
617,6,0
701,1,0
567,8,0
625,5,0
657,3,0
641,4,0
553,9,0
683,2,0
672,2,0
642,4,0
697,1,0
659,3,0
750,0,0
704,1,0
692,1,0
660,3,0
607,7,0
680,2,0
742,0,0
694,1,0
599,7,1
582,8,0
614,6,0
614,6,1
658,3,1
618,6,0
595,7,0
666,3,0
605,7,0
632,5,0
685,2,0
694,1,0
636,5,0
620,6,0
500,9,0
620,6,0
672,2,0
683,2,0
644,4,1
622,6,0
634,5,0
562,8,0
748,0,0
692,1,0
548,9,1
779,0,0
731,0,0
743,0,0
632,5,1
664,3,0
655,3,0
653,4,0
671,2,0
530,9,0
590,7,1
638,5,0
665,3,0
700,1,0
609,6,0
586,8,0
574,8,0
551,9,1
574,8,1
779,0,0
574,8,1
791,0,0
634,5,0
671,2,0
672,2,1
601,7,0
622,6,0
614,6,0
582,8,0
568,8,0
591,7,0
601,7,0
625,5,1
657,3,0
482,9,1
553,9,1
630,5,0
758,0,0
600,7,1
641,4,0
564,8,0
589,7,0
620,6,0
689,1,0
647,4,0
658,3,1
597,7,0
569,8,1
698,1,0
577,8,0
700,1,0
624,5,0
669,3,0
626,5,0
624,5,0
622,6,1
613,6,1
679,2,0
677,2,0
598,7,1
657,3,0
615,6,0
594,7,1
662,3,1
525,9,0
589,7,0
710,1,0
661,3,0
693,1,0
531,9,1
629,5,0
749,0,0
609,6,0
642,4,0
688,2,0
533,9,0
713,1,0
624,5,1
636,5,0
551,9,0
658,3,0
697,1,0
591,7,0
710,1,0
692,1,0
708,1,0
640,4,0
637,5,0
609,6,0
590,7,1
601,7,0
635,5,0
800,0,0
564,8,0
708,1,0
585,8,1
607,7,1
630,5,0
653,4,0
723,0,0
673,2,0
616,6,0
689,1,0
637,5,0
652,4,0
757,0,0
701,1,0
633,5,1
623,6,0
550,9,1
595,7,1
555,9,0
672,2,0
535,9,1
505,9,1
654,3,1
580,8,0
659,3,1
610,6,1
678,2,0
631,5,1
630,5,1
752,0,0
629,5,0
822,0,0
636,5,0
654,3,0
568,8,1
613,6,0
665,3,0
574,8,1
602,7,0
615,6,0
590,7,0
656,3,0
693,1,0
549,9,1
562,8,0
596,7,0
636,5,0
772,0,0
674,2,0
580,8,0
596,7,0
702,1,1
643,4,0
690,1,0
565,8,0
579,8,1
644,4,0
681,2,0
636,5,0
670,3,0
613,6,0
678,2,0
640,4,0
605,7,1
595,7,0
684,2,0
625,5,0
679,2,0
690,1,0
773,0,0
507,9,1
686,2,0
634,5,0
718,0,0
545,9,1
567,8,1
578,8,0
654,3,0
730,0,0
570,8,1
592,7,0
710,1,1
648,4,0
658,3,0
704,1,0
528,9,0
720,0,0
580,8,0
694,1,0
659,3,0
611,6,1
664,3,0
737,0,0
730,0,0
603,7,1
642,4,1
716,0,0
608,6,0
533,9,0
604,7,1
531,9,1
651,4,0
663,3,1
586,8,0
641,4,0
683,2,0
528,9,1
644,4,1
643,4,0
583,8,1
545,9,0
573,8,0
624,5,0
663,3,0
662,3,0
557,9,1
624,5,0
634,5,1
793,0,0
536,9,0
599,7,0
690,1,0
645,4,0
700,1,0
721,0,0
643,4,0
623,6,0
551,9,0
550,9,1
683,2,0
651,4,0
557,9,1
681,2,0
595,7,0
555,9,1
622,6,0
681,2,0
622,6,0
716,0,0
620,6,0
656,3,0
634,5,1
668,3,0
711,1,1
545,9,1
558,9,0
747,0,0
602,7,0
657,3,0
568,8,1
631,5,1
657,3,0
654,3,0
585,8,0
689,1,0
674,2,0
760,0,0
662,3,0
614,6,0
620,6,0
579,8,0
626,5,1
633,5,0
681,2,0
631,5,0
638,5,0
605,7,0
612,6,0
583,8,0
622,6,0
640,4,0
736,0,0
635,5,0
667,3,0
639,4,0
515,9,1
617,6,1
683,2,0
581,8,1
618,6,0
608,6,0
605,7,0
634,5,0
609,6,0
767,0,0
607,7,0
555,9,0
651,4,0
561,8,0
670,3,0
619,6,0
549,9,1
633,5,0
677,2,0
641,4,0
651,4,0
664,3,0
551,9,0
659,3,0
648,4,0
628,5,0
637,5,0
598,7,0
479,9,0
608,6,0
596,7,0
631,5,0
552,9,0
585,8,0
685,2,0
605,7,1
672,2,0
583,8,0
669,3,0
669,3,0
632,5,0
672,2,0
675,2,1
616,6,0
569,8,0
675,2,0
653,4,0
668,3,0
586,8,0
780,0,0
621,6,0
708,1,0
642,4,0
557,9,0
683,2,0
591,7,0
561,8,0
508,9,1
582,8,1
634,5,0
560,9,1
712,1,0
587,8,1
630,5,0
679,2,0
628,5,0
766,0,0
654,3,0
734,0,0
625,5,0
709,1,0
602,7,0
579,8,0
686,2,0
677,2,0
694,1,1
707,1,1
612,6,0
615,6,0
649,4,0
529,9,1
734,0,0
581,8,0
673,2,0
661,3,0
603,7,0
687,2,0
657,3,0
677,2,0
686,2,0
637,5,0
638,5,0
620,6,0
602,7,0
678,2,0
641,4,0
636,5,0
635,5,0
517,9,0
612,6,0
665,3,0
591,7,0
712,1,0
725,0,0
610,6,0
638,5,0
685,2,0
572,8,0
559,9,0
564,8,0
591,7,1
647,4,0
700,1,0
688,2,0
622,6,1
584,8,0
745,0,0
469,9,1
589,7,1
642,4,0
712,1,0
635,5,1
662,3,0
699,1,0
715,0,0
599,7,0
662,3,0
558,9,1
613,6,1
710,1,0
666,3,0
668,3,0
716,0,0
613,6,0
623,6,1
532,9,1
536,9,1
700,1,0
658,3,1
616,6,0
584,8,0
722,0,0
616,6,0
707,1,0
558,9,0
662,3,0
676,2,0
580,8,1
686,2,1
577,8,0
623,6,0
636,5,0
605,7,0
579,8,0
702,1,0
604,7,0
607,7,0
681,2,0
626,5,0
593,7,0
574,8,0
593,7,0
629,5,0
616,6,0
762,0,0
555,9,0
664,3,0
526,9,0
524,9,0
635,5,0
640,4,0
595,7,0
615,6,0
796,0,0
664,3,0
631,5,0
625,5,0
639,4,0
703,1,0
647,4,0
720,0,0
621,6,1
720,0,0
643,4,0
734,0,0
635,5,0
721,0,1
638,5,0
670,3,0
724,0,0
668,3,0
646,4,0
656,3,0
749,0,0
706,1,0
670,3,0
692,1,0
583,8,1
609,6,0
636,5,1
671,2,0
690,1,0
611,6,0
676,2,0
669,3,0
620,6,0
627,5,0
629,5,0
554,9,0
745,0,0
571,8,0
594,7,0
667,3,0
735,0,0
492,9,0
567,8,1
600,7,0
644,4,1
626,5,0
606,7,1
557,9,0
709,1,0
603,7,0
624,5,0
617,6,0
602,7,0
500,9,1
621,6,0
662,3,0
577,8,0
694,1,0
716,0,0
712,1,0
722,0,0
717,0,0
593,7,0
624,5,0
613,6,0
656,3,0
602,7,0
673,2,0
685,2,0
606,7,0
658,3,0
603,7,1
565,8,1
734,0,0
667,3,0
675,2,0
601,7,1
620,6,0
562,8,0
587,8,1
611,6,0
718,0,0
662,3,0
581,8,0
729,0,0
629,5,0
647,4,0
625,5,0
748,0,0
679,2,0
754,0,0
674,2,0
724,0,0
674,2,0
715,0,0
656,3,1
726,0,0
622,6,0
706,1,0
725,0,0
652,4,0
601,7,0
598,7,0
631,5,0
672,2,0
590,7,0
683,2,0
631,5,0
578,8,1
649,4,0
643,4,0
603,7,0
786,0,0
576,8,0
623,6,0
640,4,0
562,8,0
742,0,0
499,9,1
682,2,0
662,3,0
620,6,0
617,6,0
657,3,0
634,5,1
630,5,0
636,5,0
683,2,0
683,2,0
630,5,0
703,1,0
549,9,0
708,1,0
687,2,0
634,5,0
636,5,0
638,5,0
615,6,0
604,7,0
713,1,0
581,8,0
625,5,0
720,0,0
759,0,0
717,0,0
599,7,1
517,9,1
662,3,1
544,9,1
688,2,1
628,5,0
697,1,0
656,3,1
602,7,0
600,7,0
565,8,0
656,3,0
766,0,0
710,1,0
674,2,0
572,8,1
637,5,0
652,4,0
683,2,1
684,2,0
716,0,0
618,6,0
607,7,0
651,4,0
559,9,1
593,7,0
615,6,0
736,0,0
628,5,1
534,9,1
656,3,0
686,2,0
763,0,0
654,3,1
593,7,1
639,4,0
735,0,0
637,5,0
582,8,0
574,8,1
559,9,0
612,6,0
661,3,0
648,4,1
607,7,0
626,5,0
690,1,0
743,0,0
613,6,0
638,5,0
671,2,0
585,8,0
613,6,0
628,5,0
634,5,0
517,9,0
668,3,0
596,7,1
734,0,0
641,4,0
597,7,0
652,4,1
646,4,0
597,7,0
590,7,0
505,9,1
649,4,1
532,9,1
600,7,0
620,6,0
684,2,1
576,8,0
749,0,0
668,3,0
546,9,0
732,0,1
611,6,0
661,3,0
643,4,0
661,3,0
628,5,0
652,4,0
555,9,0
710,1,0
616,6,0
676,2,0
661,3,0
730,0,0
752,0,0
654,3,1
663,3,0
697,1,1
612,6,0
640,4,0
647,4,0
589,7,1
640,4,0
715,0,0
652,4,0
554,9,0
619,6,0
678,2,0
643,4,1
559,9,0
694,1,0
600,7,1
577,8,0
642,4,0
618,6,0
732,0,0
583,8,0
615,6,0
678,2,0
624,5,0
645,4,0
620,6,0
672,2,0
650,4,0
593,7,0
675,2,0
549,9,0
663,3,0
650,4,0
598,7,0
714,1,0
695,1,0
534,9,1
574,8,0
727,0,0
623,6,1
618,6,0
634,5,0
609,6,1
630,5,0
712,1,0
687,2,1
642,4,0
643,4,0
522,9,0
598,7,0
555,9,0
666,3,0
598,7,1
541,9,1
624,5,0
662,3,0
549,9,0
666,3,0
635,5,0
658,3,0
611,6,0
671,2,0
624,5,0
612,6,0
655,3,0
569,8,1
660,3,0
565,8,0
568,8,0
630,5,0
676,2,0
633,5,0
709,1,0
579,8,0
639,4,0
642,4,0
653,4,0
558,9,1
650,4,0
726,0,0
684,2,0
494,9,1
649,4,1
627,5,0
580,8,0
569,8,0
594,7,0
695,1,0
567,8,0
727,0,0
657,3,1
701,1,0
707,1,0
599,7,1
662,3,0
625,5,1
696,1,0
635,5,0
636,5,0
579,8,1
583,8,1
675,2,0
584,8,0
741,0,0
709,1,0
659,3,0
724,0,0
724,0,0
637,5,0
624,5,0
674,2,0
528,9,1
582,8,0
705,1,0
616,6,1
595,7,0
731,0,0
683,2,0
660,3,0
741,0,0
569,8,0
500,9,1
644,4,0
626,5,0
699,1,0
658,3,0
606,7,0
697,1,0
539,9,1
570,8,0
632,5,0
409,9,1
776,0,0
628,5,0
589,7,0
716,0,0
615,6,0
662,3,0
701,1,0
542,9,0
726,0,0
657,3,0
599,7,0
503,9,0
623,6,0
571,8,0
721,0,0
662,3,0
710,1,0
668,3,1
732,0,0
667,3,0
612,6,0
584,8,1
655,3,0
703,1,0
703,1,0
628,5,0
655,3,0
668,3,0
622,6,0
668,3,0
647,4,0
665,3,0
692,1,0
731,0,0
737,0,0
530,9,0
592,7,1
650,4,0
582,8,1
772,0,0
637,5,0
616,6,0
668,3,0
564,8,1
666,3,0
549,9,1
659,3,0
673,2,1
531,9,0
700,1,0
654,3,0
583,8,0
618,6,0
606,7,1
677,2,1
601,7,1
615,6,0
639,4,0
591,7,1
601,7,0
685,2,1
567,8,1
667,3,0
537,9,1
535,9,0
583,8,1
687,2,0
563,8,1
665,3,0
619,6,1
655,3,0
611,6,0
743,0,0
603,7,0
596,7,0
601,7,0
633,5,0
573,8,1
576,8,1
668,3,0
699,1,0
690,1,0
618,6,0
638,5,0
610,6,0
630,5,0
625,5,0
679,2,0
719,0,0
581,8,0
727,0,0
696,1,0
705,1,1
666,3,0
647,4,0
682,2,1
549,9,0
753,0,0
669,3,0
627,5,0
694,1,0
647,4,1
713,1,0
671,2,0
683,2,0
732,0,0
610,6,1
664,3,0
577,8,0
612,6,0
644,4,0
620,6,1
693,1,0
585,8,0
605,7,0
565,8,1
676,2,0
625,5,0
468,9,1
584,8,0
611,6,0
578,8,1
687,2,0
557,9,0
603,7,0
605,7,1
564,8,0
709,1,0
662,3,0
698,1,0
590,7,0
635,5,0
654,3,0
647,4,0
552,9,1
647,4,0
624,5,0
659,3,0
680,2,0
641,4,0
653,4,0
662,3,0
599,7,0
649,4,0
639,4,1
688,2,1
576,8,0
643,4,0
615,6,0
687,2,0
575,8,1
593,7,0
629,5,0
748,0,0
680,2,0
775,0,0
730,0,0
587,8,1
562,8,0
600,7,1
671,2,0
723,0,0
677,2,0
696,1,0
675,2,0
623,6,0
684,2,0
572,8,0
670,3,0
587,8,0
715,0,0
572,8,0
671,2,0
639,4,1
518,9,0
590,7,1
640,4,0
589,7,0
711,1,0
741,0,0
628,5,0
613,6,1
700,1,0
592,7,0
718,0,0
631,5,0
591,7,1
713,1,1
607,7,0
703,1,0
691,1,1
699,1,0
643,4,0
574,8,0
600,7,1
588,7,0
642,4,0
644,4,0
490,9,1
604,7,1
697,1,0
687,2,1
507,9,0
655,3,0
744,0,0
730,0,0
647,4,0
712,1,0
695,1,0
569,8,1
665,3,0
709,1,1
549,9,0
592,7,1
681,2,0
735,0,0
704,1,0
603,7,0
578,8,1
703,1,0
654,3,0
652,4,0
701,1,0
673,2,0
675,2,0
648,4,0
607,7,0
607,7,1
661,3,0
637,5,0
543,9,0
613,6,0
659,3,0
598,7,0
653,4,0
646,4,0
658,3,0
682,2,0
587,8,0
636,5,1
798,0,0
699,1,0
613,6,0
625,5,0
697,1,0
703,1,0
575,8,0
594,7,1
731,0,0
615,6,1
682,2,1
675,2,0
548,9,0
620,6,0
694,1,1
653,4,0
613,6,1
752,0,0
763,0,0
632,5,0
555,9,0
623,6,0
558,9,0
462,9,0
591,7,0
635,5,0
625,5,0
687,2,0
559,9,0
580,8,1
579,8,1
657,3,0
617,6,0
669,3,0
641,4,0
660,3,0
654,3,0
623,6,0
628,5,0
612,6,0
468,9,1
626,5,0
720,0,1
616,6,0
605,7,0
632,5,1
555,9,1
622,6,0
769,0,0
533,9,0
709,1,0
617,6,0
656,3,0
639,4,0
631,5,0
581,8,0
683,2,0
682,2,0
691,1,0
720,0,0
682,2,0
630,5,0
724,0,0
701,1,0
733,0,0
743,0,0
622,6,0
548,9,1
650,4,0
571,8,1
598,7,0
718,0,0
749,0,0
680,2,1
626,5,0
611,6,0
677,2,0
739,0,0
731,0,0
667,3,0
675,2,0
592,7,0
569,8,0
660,3,0
635,5,0
643,4,0
556,9,1
612,6,0
611,6,0
713,1,0
688,2,0
589,7,0
595,7,0
615,6,0
709,1,0
667,3,0
617,6,0
680,2,0
682,2,0
700,1,0
632,5,0
729,0,0
604,7,0
596,7,0
683,2,0
557,9,0
666,3,0
721,0,0
627,5,0
673,2,0
635,5,1
669,3,0
630,5,0
625,5,0
657,3,0
583,8,0
574,8,0
643,4,1
722,0,0
613,6,0
642,4,1
716,0,0
625,5,0
628,5,0
790,0,0
672,2,0
605,7,0
521,9,0
617,6,0
682,2,0
512,9,1
654,3,0
583,8,0
516,9,1
629,5,0
609,6,0
572,8,1
708,1,0
641,4,0
586,8,0
688,2,1
680,2,0
697,1,0
621,6,0
700,1,0
623,6,1
568,8,1
627,5,0
669,3,0
741,0,0
520,9,1
649,4,0
582,8,0
622,6,0
683,2,0
591,7,1
652,4,0
587,8,0
715,0,0
659,3,0
707,1,0
708,1,0
678,2,0
549,9,0
572,8,1
629,5,0
587,8,1
677,2,0
655,3,0
580,8,0
572,8,1
651,4,0
577,8,1
520,9,0
799,0,0
528,9,1
712,1,1
675,2,0
691,1,0
691,1,0
659,3,0
621,6,0
573,8,0
557,9,0
768,0,0
653,4,0
644,4,0
639,4,0
767,0,0
638,5,0
677,2,0
597,7,1
671,2,0
742,0,0
679,2,0
588,7,0
719,0,0
621,6,0
650,4,0
562,8,0
634,5,0
589,7,1
674,2,0
661,3,1
418,9,1
543,9,1
660,3,0
664,3,0
555,9,0
589,7,0
661,3,0
629,5,0
690,1,0
684,2,0
629,5,0
636,5,0
631,5,0
712,1,0
725,0,0
780,0,0
610,6,0
670,3,0
683,2,0
625,5,0
706,1,0
590,7,0
593,7,0
709,1,0
657,3,1
658,3,0
689,1,0
523,9,0
703,1,0
729,0,1
588,7,1
688,2,0
498,9,1
609,6,0
617,6,0
690,1,0
681,2,0
597,7,0
662,3,0
662,3,0
672,2,1
658,3,0
625,5,1
657,3,0
482,9,0
712,1,0
722,0,0
658,3,0
678,2,1
719,0,0
625,5,1
647,4,0
595,7,1
569,8,0
628,5,0
661,3,0
579,8,0
649,4,0
628,5,0
650,4,0
622,6,1
612,6,0
565,8,1
634,5,1
722,0,0
719,0,0
651,4,0
531,9,0
615,6,0
573,8,1
562,8,1
635,5,1
575,8,1
594,7,1
645,4,0
646,4,0
563,8,0
706,1,0
646,4,0
603,7,0
673,2,0
782,0,0
629,5,0
556,9,0
597,7,0
567,8,1
609,6,0
617,6,0
674,2,1
581,8,1
724,0,0
676,2,0
654,3,0
658,3,0
615,6,0
607,7,0
644,4,0
619,6,1
600,7,0
789,0,0
610,6,0
679,2,1
624,5,0
600,7,1
623,6,0
607,7,1
712,1,0
767,0,0
677,2,1
707,1,0
630,5,0
593,7,0
707,1,0
653,4,0
717,0,0
742,0,0
565,8,0
587,8,0
599,7,0
617,6,0
615,6,0
675,2,0
606,7,0
568,8,1
671,2,0
637,5,0
645,4,0
678,2,0
782,0,0
660,3,0
584,8,1
629,5,0
628,5,1
616,6,0
638,5,0
561,8,0
636,5,0
614,6,0
761,0,0
746,0,0
783,0,0
667,3,0
649,4,1
594,7,0
639,4,0
641,4,0
646,4,0
634,5,1
650,4,0
633,5,0
529,9,1
504,9,0
649,4,0
653,4,0
724,0,0
715,0,0
661,3,0
715,0,0
624,5,0
747,0,0
657,3,1
656,3,0
578,8,1
670,3,0
567,8,0
719,0,0
688,2,0
600,7,0
673,2,0
637,5,0
582,8,0
636,5,0
609,6,0
603,7,0
633,5,0
540,9,0
596,7,0
713,1,0
588,7,1
646,4,0
638,5,0
604,7,0
566,8,0
687,2,0
549,9,0
749,0,0
569,8,0
682,2,0
642,4,1
604,7,0
676,2,1
643,4,0
662,3,1
634,5,0
610,6,0
694,1,0
641,4,0
601,7,1
622,6,0
563,8,1
738,0,0
622,6,0
605,7,0
639,4,0
640,4,1
690,1,0
504,9,1
637,5,1
573,8,0
616,6,0
622,6,0
592,7,0
650,4,0
626,5,0
521,9,0
613,6,0
543,9,0
677,2,0
765,0,0
683,2,0
601,7,1
681,2,0
471,9,0
612,6,1
617,6,0
611,6,0
629,5,0
646,4,0
548,9,0
650,4,0
591,7,1
592,7,0
648,4,0
664,3,1
646,4,0
672,2,0
596,7,1
665,3,0
624,5,0
699,1,0
647,4,0
685,2,0
642,4,0
590,7,1
671,2,0
755,0,0
733,0,0
681,2,0
565,8,1
765,0,0
634,5,0
681,2,0
569,8,1
650,4,0
740,0,0
661,3,0
617,6,0
494,9,1
584,8,0
576,8,0
618,6,0
630,5,1
601,7,0
553,9,0
688,2,0
657,3,0
673,2,0
642,4,0
554,9,1
597,7,0
561,8,0
553,9,0
592,7,0
659,3,0
698,1,0
672,2,0
600,7,0
673,2,0
624,5,0
659,3,0
573,8,0
644,4,1
736,0,0
511,9,1
663,3,0
723,0,0
733,0,0
619,6,0
636,5,0
617,6,1
674,2,0
681,2,1
655,3,0
639,4,1
668,3,1
621,6,0
676,2,0
674,2,0
577,8,0
704,1,0
719,0,0
698,1,0
560,9,0
779,0,0
758,0,0
712,1,0
662,3,0
683,2,0
675,2,0
667,3,0
688,2,0
597,7,0
626,5,0
464,9,1
616,6,0
669,3,0
809,0,0
670,3,0
614,6,0
631,5,0
591,7,0
618,6,0
631,5,0
660,3,0
483,9,1
692,1,0
641,4,0
697,1,0
608,6,0
615,6,0
639,4,0
668,3,0
577,8,0
680,2,1
676,2,0
701,1,0
688,2,0
645,4,0
603,7,1
528,9,0
697,1,0
706,1,0
587,8,0
725,0,0
551,9,0
609,6,1
578,8,1
713,1,0
596,7,0
586,8,0
671,2,0
638,5,0
792,0,0
620,6,0
619,6,1
627,5,0
594,7,0
628,5,0
605,7,1
525,9,1
673,2,0
668,3,0
712,1,0
604,7,1
699,1,0
607,7,0
688,2,0
656,3,0
597,7,0
730,0,0
568,8,1
708,1,1
707,1,1
577,8,1
769,0,0
648,4,0
701,1,0
500,9,0
559,9,0
568,8,0
669,3,0
572,8,0
725,0,0
579,8,0
571,8,0
721,0,0
667,3,0
644,4,1
609,6,0
586,8,1
529,9,0
559,9,0
655,3,0
551,9,0
720,0,0
681,2,0
550,9,1
484,9,1
567,8,1
714,1,0
664,3,0
796,0,0
731,0,0
572,8,1
609,6,0
589,7,0
660,3,0
644,4,0
684,2,0
554,9,0
659,3,0
667,3,0
652,4,1
706,1,0
658,3,0
649,4,0
674,2,0
624,5,0
593,7,0
592,7,0
611,6,0
650,4,1
555,9,0
671,2,0
650,4,0
585,8,0
563,8,0
646,4,1
585,8,1
623,6,0
759,0,0
687,2,0
722,0,0
711,1,0
522,9,1
587,8,0
560,9,0
708,1,0
687,2,0
567,8,0
601,7,0
648,4,0
605,7,0
575,8,0
610,6,0
612,6,0
684,2,0
727,0,0
643,4,1
707,1,0
555,9,1
633,5,0
554,9,1
676,2,0
597,7,0
628,5,1
750,0,0
635,5,0
685,2,1
641,4,0
685,2,0
659,3,0
672,2,0
583,8,0
710,1,0
660,3,0
636,5,0
738,0,0
667,3,0
739,0,0
744,0,0
638,5,0
675,2,0
664,3,0
657,3,1
627,5,1
708,1,0
646,4,1
695,1,0
583,8,1
672,2,0
470,9,1
729,0,0
802,0,0
569,8,0
695,1,0
649,4,0
659,3,0
601,7,1
613,6,0
643,4,0
627,5,1
692,1,0
688,2,1
753,0,0
593,7,0
687,2,0
668,3,0
656,3,0
718,0,0
693,1,0
570,8,0
750,0,0
472,9,1
602,7,0
600,7,0
568,8,0
635,5,0
560,9,0
571,8,0
607,7,1
648,4,1
501,9,1
652,4,0
531,9,0
609,6,0
543,9,1
643,4,0
646,4,0
610,6,0
610,6,1
631,5,0
697,1,0
642,4,0
570,8,0
634,5,0
646,4,0
712,1,0
613,6,0
656,3,0
680,2,0
625,5,0
634,5,0
625,5,0
660,3,0
612,6,0
543,9,0
650,4,0
661,3,0
576,8,1
622,6,0
631,5,0
607,7,0
692,1,0
694,1,0
657,3,0
709,1,0
598,7,0
672,2,0
611,6,0
688,2,0
567,8,0
500,9,1
690,1,0
627,5,0
719,0,1
580,8,0
572,8,0
705,1,0
556,9,0
645,4,0
502,9,1
652,4,0
615,6,0
614,6,0
669,3,0
731,0,0
499,9,0
609,6,0
661,3,0
672,2,0
625,5,0
691,1,0
602,7,0
831,0,0
605,7,0
726,0,0
702,1,0
567,8,0
629,5,1
672,2,1
787,0,0
668,3,0
614,6,0
661,3,0
572,8,0
639,4,0
543,9,1
707,1,0
538,9,1
512,9,1
690,1,0
685,2,0
603,7,0
612,6,0
633,5,0
566,8,1
693,1,0
637,5,0
580,8,1
553,9,0
646,4,0
617,6,0
497,9,1
709,1,0
612,6,0
741,0,0
640,4,0
603,7,0
669,3,0
701,1,0
712,1,1
633,5,0
684,2,0
693,1,0
674,2,1
717,0,0
590,7,0
664,3,0
717,0,0
682,2,0
684,2,0
719,0,0
579,8,0
679,2,0
635,5,0
649,4,0
767,0,0
595,7,0
622,6,1
739,0,0
670,3,0
579,8,0
653,4,0
555,9,0
581,8,0
624,5,0
590,7,1
639,4,0
607,7,0
753,0,1
587,8,0
638,5,0
567,8,0
593,7,0
488,9,0
624,5,0
668,3,0
585,8,0
644,4,0
679,2,1
499,9,1
597,7,1
583,8,0
665,3,0
645,4,0
591,7,1
670,3,0
621,6,0
648,4,1
717,0,0
637,5,0
582,8,0
688,2,0
710,1,0
704,1,0
604,7,0
732,0,0
604,7,0
610,6,0
632,5,0
504,9,1
629,5,0
719,0,0
723,0,0
566,8,0
684,2,0
653,4,0
592,7,0
674,2,0
612,6,0
570,8,0
632,5,0
673,2,0
592,7,0
681,2,0
569,8,0
593,7,0
599,7,0
572,8,1
597,7,0
708,1,0
612,6,0
635,5,0
661,3,0
613,6,0
673,2,0
577,8,0
763,0,0
682,2,0
529,9,0
673,2,0
498,9,0
735,0,0
589,7,1
521,9,1
663,3,0
520,9,0
641,4,0
571,8,0
637,5,0
587,8,0
688,2,0
697,1,0
659,3,0
585,8,1
554,9,1
646,4,0
633,5,0
665,3,0
631,5,0
635,5,0
805,0,0
732,0,0
538,9,0
766,0,0
535,9,0
657,3,0
537,9,0
656,3,0
627,5,1
650,4,1
644,4,1
777,0,0
626,5,0
651,4,0
614,6,0
655,3,0
637,5,1
600,7,1
706,1,0
732,0,0
634,5,0
670,3,0
650,4,0
694,1,0
620,6,1
671,2,1
620,6,0
754,0,0
614,6,0
808,0,0
561,8,1
627,5,0
623,6,0
604,7,0
519,9,1
613,6,1
659,3,0
589,7,0
641,4,0
647,4,0
551,9,0
806,0,0
593,7,0
659,3,0
636,5,1
592,7,0
635,5,0
572,8,1
658,3,0
687,2,0
679,2,0
649,4,0
634,5,0
708,1,1
727,0,0
558,9,1
683,2,0
633,5,0
696,1,0
601,7,0
610,6,1
576,8,1
569,8,1
646,4,0
619,6,0
625,5,0
577,8,0
599,7,0
529,9,1
643,4,0
723,0,0
563,8,0
630,5,0
663,3,0
663,3,0
638,5,0
503,9,1
590,7,0
627,5,1
572,8,0
663,3,0
532,9,0
611,6,1
678,2,0
613,6,1
608,6,0
581,8,0
709,1,0
726,0,0
673,2,0
636,5,1
542,9,1
583,8,1
648,4,1
692,1,0
518,9,1
604,7,0
568,8,0
665,3,1
634,5,0
699,1,1
596,7,0
740,0,0
595,7,1
721,0,0
556,9,0
682,2,0
688,2,0
719,0,0
666,3,0
631,5,1
623,6,0
668,3,0
719,0,0
619,6,0
575,8,1
563,8,1
603,7,0
654,3,0
534,9,0
643,4,0
538,9,0
663,3,1
595,7,0
650,4,0
655,3,0
567,8,0
553,9,0
519,9,0
641,4,0
653,4,0
779,0,0
639,4,0
606,7,1
550,9,0
602,7,0
519,9,1
655,3,0
700,1,0
643,4,0
596,7,0
653,4,0
639,4,0
627,5,0
769,0,0
571,8,0
578,8,0
616,6,0
737,0,0
598,7,0
608,6,1
633,5,0
626,5,0
620,6,0
652,4,0
648,4,1
580,8,0
688,2,0
612,6,1
719,0,0
607,7,0
667,3,0
646,4,0
590,7,0
693,1,1
627,5,0
723,0,0
683,2,0
631,5,0
744,0,0
590,7,0
613,6,0
714,1,0
639,4,0
678,2,0
649,4,0
720,0,0
715,0,0
671,2,0
668,3,0
679,2,0
669,3,0
633,5,0
602,7,0
676,2,0
637,5,0
622,6,0
695,1,0
742,0,0
546,9,1
650,4,0
642,4,1
579,8,0
603,7,1
709,1,0
656,3,0
721,0,0
640,4,0
512,9,0
701,1,0
655,3,0
497,9,0
660,3,0
645,4,0
634,5,0
638,5,0
562,8,0
670,3,1
695,1,0
640,4,0
637,5,0
581,8,0
653,4,0
490,9,1
552,9,1
699,1,0
600,7,0
619,6,0
574,8,0
785,0,0
678,2,0
636,5,1
670,3,0
562,8,0
649,4,0
611,6,1
635,5,1
686,2,0
617,6,0
643,4,0
456,9,1
670,3,0
632,5,0
621,6,0
697,1,0
704,1,0
638,5,1
622,6,0
522,9,0
576,8,0
618,6,0
630,5,0
548,9,1
780,0,0
656,3,0
698,1,0
615,6,1
597,7,0
642,4,1
611,6,0
598,7,0
672,2,0
663,3,0
515,9,0
694,1,0
668,3,0
772,0,0
621,6,0
737,0,0
563,8,1
701,1,0
666,3,0
621,6,0
647,4,0
729,0,0
606,7,1
600,7,1
645,4,0
671,2,0
523,9,0
567,8,0
635,5,0
709,1,0
613,6,0
665,3,0
591,7,0
701,1,0
562,8,1
659,3,0
586,8,0
608,6,0
662,3,1
677,2,0
709,1,0
572,8,0
671,2,0
518,9,0
750,0,0
672,2,0
599,7,0
639,4,0
706,1,0
689,1,0
646,4,0
701,1,0
639,4,0
575,8,0
730,0,0
678,2,0
577,8,0
704,1,0
554,9,0
529,9,1
689,1,0
724,0,0
677,2,0
625,5,0
687,2,0
751,0,0
607,7,0
725,0,0
593,7,0
558,9,0
531,9,1
677,2,0
552,9,1
467,9,1
604,7,0
633,5,0
583,8,1
627,5,0
536,9,0
674,2,0
722,0,0
616,6,0
704,1,0
523,9,0
667,3,1
745,0,0
589,7,0
594,7,1
636,5,1
587,8,1
677,2,0
602,7,0
650,4,0
680,2,0
629,5,0
681,2,0
682,2,0
636,5,0
574,8,0
568,8,0
574,8,1
653,4,0
645,4,0
638,5,0
639,4,0
582,8,1
722,0,0
718,0,0
631,5,0
605,7,1
616,6,0
607,7,0
790,0,0
573,8,1
513,9,1
591,7,0
531,9,0
638,5,0
637,5,1
527,9,1
527,9,0
759,0,0
609,6,0
651,4,0
583,8,0
570,8,0
562,8,1
654,3,0
681,2,0
571,8,0
598,7,0
618,6,0
544,9,0
591,7,0
462,9,1
556,9,0
611,6,0
586,8,0
634,5,0
629,5,1
646,4,0
548,9,1
648,4,0
645,4,1
693,1,0
714,1,0
636,5,0
597,7,1
657,3,0
670,3,0
703,1,0
554,9,1
660,3,0
716,0,0
671,2,0
658,3,0
643,4,0
622,6,1
548,9,1
594,7,1
752,0,0
651,4,0
616,6,0
731,0,0
663,3,0
785,0,0
568,8,1
641,4,1
592,7,1
639,4,1
530,9,0
695,1,0
624,5,0
685,2,0
700,1,0
579,8,1
694,1,0
570,8,0
557,9,0
567,8,1
489,9,0
605,7,0
697,1,0
591,7,0
612,6,0
685,2,0
680,2,0
679,2,0
649,4,0
540,9,1
718,0,0
603,7,0
654,3,0
648,4,0
645,4,0
767,0,0
620,6,0
742,0,0
608,6,1
681,2,0
694,1,0
611,6,0
606,7,0
647,4,0
643,4,0
789,0,0
614,6,0
659,3,0
571,8,0
586,8,0
585,8,1
651,4,0
604,7,0
694,1,0
590,7,0
626,5,0
696,1,0
635,5,0
657,3,0
764,0,0
683,2,0
578,8,1
668,3,0
624,5,0
603,7,0
529,9,1
713,1,0
620,6,0
661,3,0
609,6,1
601,7,0
601,7,0
539,9,0
627,5,0
620,6,0
627,5,0
738,0,0
630,5,1
724,0,1
642,4,0
669,3,1
645,4,0
581,8,0
663,3,0
581,8,0
591,7,0
589,7,0
536,9,0
615,6,0
689,1,0
567,8,1
571,8,0
712,1,0
733,0,0
646,4,0
613,6,1
603,7,0
569,8,0
667,3,0
613,6,0
665,3,0
700,1,0
534,9,1
774,0,1
580,8,0
685,2,0
640,4,1
700,1,0
599,7,0
561,8,1
656,3,0
654,3,0
652,4,0
703,1,0
641,4,0
648,4,1
639,4,0
741,0,0
693,1,0
571,8,0
623,6,0
521,9,1
613,6,0
617,6,0
677,2,0
572,8,0
593,7,0
659,3,0
692,1,0
639,4,0
624,5,0
600,7,1
598,7,0
599,7,0
731,0,1
642,4,1
639,4,0
729,0,0
628,5,0
617,6,0
716,0,0
623,6,1
659,3,0
589,7,1
598,7,0
690,1,0
719,0,0
609,6,0
617,6,0
679,2,0
619,6,0
668,3,0
681,2,0
575,8,1
593,7,0
661,3,0
567,8,1
614,6,0
610,6,0
585,8,0
597,7,0
707,1,0
673,2,0
707,1,0
568,8,0
618,6,0
585,8,0
647,4,1
770,0,0
622,6,0
550,9,1
589,7,0
710,1,1
509,9,1
673,2,0
579,8,0
612,6,0
584,8,0
650,4,0
505,9,1
642,4,0
721,0,0
572,8,0
706,1,0
664,3,1
591,7,0
621,6,0
744,0,0
568,8,0
672,2,0
692,1,0
730,0,0
672,2,1
646,4,0
692,1,0
667,3,0
664,3,0
608,6,1
581,8,1
735,0,0
618,6,1
564,8,0
651,4,0
512,9,0
671,2,0
643,4,0
616,6,1
655,3,0
634,5,1
708,1,0
650,4,0
662,3,0
629,5,0
772,0,0
730,0,0
671,2,0
635,5,0
594,7,0
587,8,0
534,9,1
610,6,0
504,9,0
604,7,0
695,1,0
761,0,0
647,4,0
592,7,0
689,1,0
571,8,1
566,8,1
659,3,0
670,3,0
662,3,0
549,9,0
674,2,0
729,0,0
644,4,0
698,1,0
690,1,0
512,9,1
585,8,0
603,7,0
636,5,0
583,8,0
682,2,0
643,4,1
619,6,1
556,9,0
704,1,0
680,2,0
618,6,0
576,8,1
619,6,0
676,2,0
720,0,0
633,5,0
709,1,0
707,1,0
518,9,1
662,3,0
720,0,0
704,1,0
642,4,0
650,4,0
641,4,0
557,9,1
525,9,0
612,6,0
577,8,1
641,4,0
765,0,1
637,5,0
636,5,0
664,3,0
694,1,0
580,8,0
609,6,0
622,6,0
623,6,0
555,9,0
624,5,0
645,4,1
649,4,0
680,2,0
619,6,1
519,9,0
704,1,0
548,9,1
687,2,0
686,2,0
629,5,0
620,6,1
641,4,0
668,3,0
598,7,0
651,4,0
605,7,0
670,3,0
706,1,0
619,6,1
493,9,0
648,4,0
704,1,0
659,3,0
695,1,1
530,9,1
717,0,0
672,2,0
578,8,0
630,5,0
677,2,0
630,5,0
624,5,0
734,0,0
625,5,0
567,8,1
597,7,0
705,1,0
779,0,0
740,0,0
749,0,0
533,9,0
627,5,0
825,0,0
579,8,0
612,6,0
494,9,1
682,2,0
571,8,0
660,3,0
651,4,0
720,0,0
551,9,1
604,7,0
669,3,0
659,3,0
695,1,0
610,6,0
806,0,0
656,3,0
613,6,0
648,4,0
586,8,0
784,0,0
572,8,1
749,0,0
576,8,0
679,2,0
610,6,0
688,2,0
596,7,0
583,8,1
732,0,0
611,6,0
644,4,0
723,0,1
550,9,0
559,9,0
572,8,0
612,6,0
746,0,0
808,0,0
497,9,1
636,5,0
638,5,0
637,5,0
653,4,0
648,4,0
617,6,0
678,2,0
636,5,0
611,6,0
606,7,1
601,7,1
692,1,1
667,3,1
658,3,0
687,2,0
687,2,0
535,9,0
723,0,0
668,3,0
594,7,0
595,7,0
657,3,0
548,9,1
618,6,0
629,5,0
689,1,0
556,9,0
652,4,0
603,7,1
530,9,1
588,7,1
648,4,0
581,8,0
656,3,1
567,8,0
629,5,0
608,6,1
684,2,0
561,8,0
535,9,0
576,8,0
532,9,0
666,3,0
637,5,0
664,3,0
653,4,0
684,2,1
572,8,0
589,7,0
659,3,0
707,1,0
711,1,0
560,9,0
709,1,0
670,3,0
660,3,0
682,2,0
722,0,0
620,6,0
710,1,0
653,4,0
586,8,1
586,8,0
684,2,0
481,9,1
567,8,1
631,5,1
588,7,0
744,0,0
669,3,0
723,0,0
665,3,0
676,2,0
601,7,0
626,5,0
758,0,0
652,4,0
734,0,0
611,6,0
661,3,0
733,0,0
690,1,0
504,9,0
629,5,1
682,2,0
727,0,0
530,9,0
677,2,0
634,5,0
625,5,0
708,1,0
650,4,0
705,1,0
666,3,0
758,0,0
636,5,0
677,2,0
623,6,0
822,0,0
647,4,0
645,4,0
683,2,0
633,5,0
641,4,0
584,8,1
752,0,0
693,1,0
613,6,0
642,4,0
653,4,0
610,6,0
753,0,0
700,1,0
569,8,0
569,8,1
511,9,0
635,5,1
536,9,1
576,8,0
652,4,1
680,2,0
692,1,0
708,1,0
658,3,0
712,1,0
675,2,0
670,3,1
694,1,1
525,9,0
695,1,0
609,6,0
629,5,0
621,6,0
723,0,0
588,7,0
527,9,1
584,8,0
617,6,0
608,6,0
675,2,1
688,2,0
625,5,0
686,2,0
655,3,0
645,4,0
649,4,0
662,3,0
618,6,1
581,8,0
589,7,0
651,4,0
611,6,0
545,9,1
661,3,1
706,1,0
639,4,0
617,6,0
626,5,1
602,7,0
622,6,1
697,1,0
645,4,0
571,8,1
618,6,0
628,5,0
731,0,0
690,1,0
769,0,0
726,0,0
613,6,0
587,8,0
755,0,0
548,9,0
639,4,0
581,8,0
653,4,0
700,1,0
612,6,0
549,9,1
623,6,0
661,3,0
600,7,0
514,9,0
649,4,1
582,8,0
660,3,0
521,9,1
680,2,0
703,1,1
678,2,0
488,9,1
574,8,1
638,5,0
588,7,0
683,2,0
710,1,0
718,0,0
638,5,1
682,2,1
779,0,0
456,9,1
659,3,0
677,2,0
654,3,0
641,4,0
655,3,1
690,1,0
676,2,0
555,9,1
739,0,0
546,9,0
632,5,0
777,0,0
670,3,0
567,8,1
616,6,1
569,8,0
503,9,1
624,5,0
680,2,0
657,3,0
566,8,0
631,5,0
669,3,0
673,2,1
663,3,0
638,5,0
621,6,0
785,0,0
624,5,0
656,3,0
704,1,0
577,8,0
746,0,0
611,6,1
597,7,0
541,9,1
742,0,1
614,6,0
665,3,0
777,0,0
668,3,0
671,2,0
708,1,0
535,9,1
663,3,0
659,3,0
550,9,1
520,9,1
638,5,0
585,8,0
583,8,0
624,5,0
695,1,0
629,5,1
489,9,1
594,7,0
662,3,1
508,9,1
596,7,0
674,2,0
717,0,0
688,2,0
628,5,1
583,8,0
631,5,0
602,7,0
598,7,0
644,4,0
629,5,0
516,9,0
587,8,0
672,2,1
694,1,0
690,1,0
674,2,0
492,9,1
587,8,0
712,1,0
778,0,0
665,3,0
653,4,1
610,6,0
636,5,0
648,4,0
632,5,0
682,2,0
672,2,0
639,4,0
648,4,0
662,3,0
564,8,1
638,5,0
598,7,0
629,5,0
585,8,0
614,6,0
678,2,0
656,3,0
620,6,1
728,0,0
514,9,1
573,8,0
616,6,0
735,0,0
610,6,0
582,8,0
673,2,1
578,8,0
659,3,0
630,5,0
610,6,1
664,3,0
682,2,0
645,4,1
692,1,0
560,9,0
642,4,0
582,8,1
620,6,0
641,4,0
601,7,0
709,1,1
651,4,0
588,7,1
593,7,0
675,2,0
492,9,1
687,2,0
578,8,1
556,9,1
736,0,0
537,9,0
682,2,0
626,5,0
625,5,0
634,5,1
705,1,0
681,2,1
687,2,0
606,7,0
639,4,0
629,5,0
610,6,0
713,1,0
706,1,0
598,7,1
661,3,1
592,7,0
648,4,0
667,3,0
555,9,0
639,4,0
687,2,0
630,5,1
691,1,0
623,6,0
620,6,0
558,9,0
657,3,0
499,9,0
609,6,0
740,0,0
587,8,0
536,9,1
551,9,0
664,3,0
657,3,0
758,0,0
667,3,0
722,0,0
687,2,0
568,8,0
566,8,0
608,6,0
483,9,0
713,1,0
531,9,1
685,2,0
660,3,0
716,0,0
720,0,0
590,7,0
703,1,0
670,3,0
560,9,0
664,3,0
611,6,0
600,7,0
547,9,0
678,2,0
581,8,0
580,8,0
693,1,0
644,4,0
704,1,0
644,4,0
599,7,0
654,3,1
647,4,0
616,6,0
567,8,0
599,7,0
675,2,0
660,3,1
651,4,0
684,2,0
637,5,1
621,6,1
602,7,0
515,9,0
715,0,0
683,2,0
675,2,0
623,6,0
611,6,0
695,1,0
617,6,0
619,6,0
580,8,0
718,0,0
670,3,0
647,4,0
686,2,0
677,2,0
684,2,0
678,2,0
621,6,0
495,9,1
659,3,0
641,4,0
658,3,0
569,8,0
614,6,1
639,4,1
605,7,0
664,3,0
647,4,0
622,6,0
671,2,1
631,5,0
704,1,0
615,6,1
632,5,1
647,4,1
550,9,1
774,0,0
752,0,0
599,7,0
708,1,0
644,4,0
701,1,0
743,0,0
621,6,0
665,3,0
684,2,0
662,3,0
637,5,0
587,8,0
746,0,0
618,6,1
616,6,0
671,2,1
593,7,0
611,6,0
573,8,0
567,8,1
658,3,0
496,9,1
667,3,0
575,8,0
541,9,1
685,2,0
629,5,0
606,7,0
623,6,0
616,6,0
626,5,0
627,5,0
646,4,0
683,2,0
658,3,0
579,8,1
607,7,0
703,1,0
684,2,0
618,6,1
648,4,0
555,9,0
563,8,0
674,2,0
636,5,1
535,9,0
612,6,0
697,1,0
597,7,0
622,6,0
640,4,0
662,3,0
565,8,0
561,8,1
657,3,0
649,4,0
645,4,0
680,2,0
629,5,1
630,5,0
619,6,0
605,7,1
803,0,0
698,1,0
681,2,0
678,2,1
590,7,0
578,8,1
648,4,0
550,9,1
617,6,0
561,8,0
647,4,0
607,7,1
595,7,0
615,6,1
753,0,0
647,4,0
660,3,0
593,7,0
742,0,0
661,3,0
645,4,0
600,7,0
580,8,1
720,0,0
581,8,1
591,7,0
763,0,0
723,0,0
687,2,0
618,6,0
490,9,1
589,7,0
764,0,0
636,5,0
594,7,0
776,0,0
742,0,1
595,7,1
590,7,0
644,4,0
577,8,1
618,6,0
704,1,0
629,5,0
624,5,0
653,4,0
772,0,0
649,4,0
669,3,0
648,4,0
646,4,0
598,7,1
800,0,0
724,0,1
620,6,0
572,8,1
626,5,1
651,4,0
650,4,0
675,2,0
597,7,1
739,0,0
679,2,1
659,3,1
559,9,0
577,8,1
575,8,1
632,5,0
591,7,1
696,1,0
542,9,0
596,7,0
608,6,0
690,1,0
651,4,0
662,3,0
631,5,0
628,5,1
703,1,0
686,2,0
655,3,0
624,5,0
556,9,0
648,4,0
692,1,0
709,1,0
638,5,0
677,2,0
598,7,0
627,5,0
628,5,0
653,4,0
635,5,0
679,2,1
616,6,0
824,0,0
614,6,0
615,6,0
684,2,0
692,1,0
611,6,0
713,1,0
673,2,0
692,1,0
581,8,0
559,9,0
579,8,1
661,3,1
592,7,0
554,9,0
538,9,0
539,9,1
588,7,0
619,6,0
690,1,0
585,8,0
645,4,1
571,8,0
758,0,0
726,0,0
587,8,0
613,6,0
681,2,0
672,2,0
673,2,0
658,3,0
651,4,0
608,6,1
585,8,0
554,9,1
581,8,0
586,8,1
631,5,0
633,5,0
684,2,0
632,5,0
664,3,0
586,8,1
564,8,0
726,0,0
618,6,1
496,9,0
709,1,0
638,5,1
599,7,0
619,6,0
712,1,0
737,0,0
643,4,0
697,1,0
692,1,0
637,5,0
785,0,0
712,1,0
645,4,0
644,4,0
712,1,0
524,9,0
527,9,1
607,7,0
583,8,0
714,1,0
675,2,0
665,3,0
518,9,0
650,4,0
606,7,1
595,7,0
736,0,0
657,3,0
542,9,0
653,4,0
533,9,1
705,1,1
541,9,0
599,7,1
563,8,0
554,9,1
664,3,0
661,3,0
623,6,0
648,4,0
669,3,0
617,6,0
661,3,0
638,5,0
554,9,1
655,3,0
621,6,1
669,3,1
598,7,0
494,9,1
620,6,1
671,2,0
705,1,0
690,1,0
584,8,0
661,3,0
647,4,0
600,7,0
713,1,0
648,4,0
734,0,0
657,3,1
646,4,0
601,7,1
758,0,0
684,2,0
700,1,0
687,2,0
584,8,0
570,8,1
649,4,0
613,6,0
694,1,0
756,0,0
590,7,0
620,6,0
675,2,0
709,1,0
534,9,0
611,6,0
655,3,0
565,8,1
595,7,0
661,3,0
560,9,1
705,1,0
622,6,0
632,5,1
703,1,0
730,0,0
467,9,0
627,5,0
699,1,0
544,9,0
676,2,0
661,3,0
649,4,0
573,8,0
708,1,0
647,4,0
744,0,0
612,6,1
653,4,1
647,4,0
619,6,0
687,2,0
690,1,0
603,7,0
671,2,0
591,7,0
715,0,1
662,3,0
644,4,0
657,3,0
712,1,0
614,6,1
723,0,0
716,0,0
641,4,0
746,0,0
581,8,1
746,0,0
541,9,1
556,9,0
563,8,0
686,2,0
592,7,0
640,4,0
691,1,1
711,1,0
675,2,0
640,4,0
591,7,0
731,0,0
673,2,0
707,1,0
579,8,1
691,1,0
669,3,0
697,1,0
713,1,0
610,6,0
576,8,1
668,3,0
708,1,0
743,0,0
732,0,0
738,0,0
629,5,0
553,9,0
699,1,0
628,5,1
659,3,0
687,2,0
630,5,0
637,5,1
598,7,0
596,7,0
623,6,0
570,8,0
770,0,0
541,9,1
673,2,0
614,6,0
666,3,0
566,8,1
563,8,1
616,6,1
622,6,0
680,2,0
637,5,0
599,7,0
672,2,0
711,1,0
706,1,0
711,1,0
661,3,0
535,9,0
688,2,1
704,1,0
563,8,0
701,1,0
584,8,1
512,9,1
603,7,0
530,9,0
619,6,0
571,8,0
740,0,0
662,3,0
516,9,1
695,1,0
602,7,0
735,0,0
659,3,0
771,0,0
617,6,0
587,8,0
724,0,0
646,4,0
624,5,0
702,1,0
710,1,0
653,4,0
578,8,0
668,3,0
748,0,0
556,9,0
698,1,0
610,6,1
587,8,1
647,4,0
700,1,0
641,4,0
691,1,0
645,4,0
699,1,0
713,1,0
572,8,0
706,1,0
597,7,0
697,1,0
679,2,0
651,4,0
636,5,0
683,2,0
705,1,0
620,6,0
627,5,0
654,3,0
561,8,1
684,2,1
629,5,0
555,9,0
692,1,0
595,7,0
659,3,0
664,3,1
588,7,0
543,9,0
723,0,0
748,0,0
706,1,1
707,1,0
714,1,0
647,4,0
662,3,0
630,5,1
582,8,0
577,8,0
700,1,0
701,1,0
600,7,1
590,7,1
708,1,0
563,8,1
645,4,0
759,0,0
591,7,0
640,4,1
653,4,1
654,3,0
622,6,0
633,5,0
545,9,1
583,8,1
607,7,1
536,9,1
678,2,0
698,1,0
631,5,0
584,8,1
641,4,0
566,8,0
716,0,0
650,4,1
585,8,0
680,2,0
591,7,0
756,0,0
688,2,0
657,3,0
660,3,0
712,1,0
607,7,0
667,3,0
562,8,0
578,8,0
595,7,0
541,9,0
615,6,0
649,4,0
730,0,0
612,6,0
565,8,0
646,4,0
666,3,0
708,1,0
555,9,0
680,2,0
673,2,0
680,2,0
482,9,1
644,4,0
623,6,0
726,0,0
682,2,0
727,0,0
716,0,0
759,0,0
700,1,0
729,0,0
673,2,0
629,5,0
665,3,0
580,8,0
578,8,0
721,0,0
522,9,1
572,8,0
456,9,1
492,9,1
599,7,0
621,6,0
625,5,0
550,9,1
656,3,0
672,2,0
578,8,1
668,3,0
668,3,0
650,4,0
494,9,1
707,1,0
750,0,0
548,9,0
516,9,1
694,1,0
513,9,0
681,2,0
621,6,1
593,7,1
587,8,0
681,2,0
584,8,0
654,3,0
657,3,0
567,8,0
629,5,0
708,1,0
705,1,0
653,4,0
692,1,0
694,1,0
637,5,1
553,9,0
594,7,1
673,2,0
546,9,0
605,7,0
617,6,0
686,2,0
703,1,0
666,3,0
584,8,0
688,2,0
638,5,0
631,5,1
563,8,1
611,6,0
763,0,0
699,1,0
738,0,0
650,4,0
626,5,0
612,6,0
707,1,0
653,4,0
596,7,1
655,3,0
586,8,0
676,2,0
540,9,0
724,0,0
640,4,0
551,9,0
518,9,1
742,0,0
695,1,0
688,2,0
675,2,1
592,7,0
597,7,1
691,1,0
711,1,0
709,1,0
598,7,0
641,4,0
610,6,0
763,0,0
630,5,0
602,7,0
633,5,0
657,3,0
583,8,1
681,2,0
652,4,0
632,5,1
747,0,0
604,7,1
617,6,0
678,2,0
645,4,0
672,2,0
727,0,0
701,1,0
685,2,0
628,5,0
672,2,0
619,6,1
694,1,0
697,1,0
597,7,0
674,2,0
711,1,0
646,4,1
595,7,0
718,0,0
699,1,0
617,6,0
620,6,0
523,9,0
654,3,1
641,4,0
471,9,1
493,9,0
568,8,1
656,3,0
675,2,0
694,1,0
737,0,0
663,3,0
537,9,1
642,4,0
678,2,0
680,2,0
613,6,0
492,9,1
616,6,0
687,2,0
580,8,0
635,5,0
689,1,0
729,0,0
648,4,0
635,5,0
682,2,0
778,0,0
672,2,0
727,0,0
658,3,0
653,4,0
634,5,0
697,1,0
616,6,1
629,5,0
572,8,0
633,5,1
572,8,1
634,5,1
650,4,0
672,2,1
680,2,1
725,0,0
619,6,0
708,1,0
554,9,0
600,7,0
538,9,1
693,1,0
623,6,0
651,4,0
659,3,0
553,9,0
559,9,0
654,3,0
731,0,0
628,5,0
770,0,0
640,4,1
575,8,0
626,5,0
594,7,1
732,0,0
650,4,0
562,8,0
583,8,0
511,9,1
672,2,0
573,8,0
565,8,0
653,4,0
629,5,0
674,2,0
576,8,0
598,7,0
678,2,0
610,6,0
547,9,0
549,9,1
738,0,0
677,2,0
607,7,1
619,6,1
684,2,0
631,5,0
660,3,0
627,5,0
713,1,0
596,7,0
835,0,0
649,4,1
508,9,1
723,0,0
673,2,0
566,8,0
591,7,0
614,6,0
499,9,1
677,2,0
651,4,0
714,1,1
678,2,1
494,9,0
627,5,0
752,0,0
710,1,0
718,0,1
541,9,0
616,6,0
619,6,0
706,1,0
609,6,0
673,2,0
602,7,0
619,6,0
627,5,1
608,6,1
697,1,0
653,4,0
658,3,0
682,2,0
465,9,1
669,3,0
597,7,0
692,1,0
544,9,0
627,5,0
594,7,0
665,3,0
581,8,0
611,6,1
588,7,0
689,1,0
567,8,0
575,8,0
672,2,0
691,1,0
686,2,0
662,3,0
635,5,1
612,6,0
651,4,1
569,8,0
739,0,0
798,0,0
633,5,1
626,5,0
785,0,0
647,4,0
696,1,0
697,1,0
637,5,0
592,7,0
639,4,0
614,6,0
690,1,1
670,3,0
632,5,0
587,8,0
652,4,0
674,2,0
625,5,0
653,4,0
675,2,0
692,1,0
608,6,1
655,3,0
596,7,0
600,7,0
649,4,0
688,2,1
699,1,0
610,6,1
634,5,0
737,0,0
604,7,0
741,0,1
609,6,1
592,7,0
607,7,0
700,1,0
698,1,1
563,8,0
698,1,0
759,0,0
592,7,0
614,6,0
749,0,0
650,4,0
652,4,0
642,4,0
740,0,1
527,9,1
647,4,0
621,6,0
682,2,0
598,7,0
587,8,0
781,0,0
650,4,0
676,2,0
591,7,0
681,2,1
610,6,0
714,1,0
682,2,0
616,6,0
729,0,0
697,1,0
680,2,0
641,4,0
622,6,0
487,9,1
752,0,0
648,4,0
561,8,0
614,6,0
593,7,0
618,6,0
631,5,0
459,9,0
579,8,0
634,5,0
728,0,0
511,9,0
689,1,0
617,6,0
563,8,1
620,6,0
598,7,0
620,6,0
560,9,0
689,1,0
644,4,0
633,5,0
589,7,0
617,6,0
629,5,0
656,3,0
544,9,0
656,3,0
685,2,0
542,9,0
591,7,0
712,1,0
666,3,0
720,0,0
642,4,0
654,3,0
552,9,1
580,8,1
726,0,0
688,2,0
660,3,0
622,6,0
686,2,0
556,9,0
682,2,0
615,6,0
625,5,0
664,3,0
618,6,0
615,6,0
590,7,0
722,0,0
545,9,1
665,3,0
614,6,0
634,5,0
603,7,0
540,9,0
591,7,0
665,3,0
640,4,0
704,1,0
633,5,0
760,0,0
720,0,0
589,7,0
639,4,0
672,2,0
635,5,0
617,6,1
731,0,0
653,4,0
709,1,0
632,5,0
564,8,0
647,4,0
663,3,0
797,0,0
674,2,0
738,0,0
680,2,0
672,2,0
570,8,1
741,0,0
645,4,0
744,0,0
621,6,0
530,9,0
699,1,0
695,1,0
582,8,1
620,6,1
635,5,1
761,0,0
643,4,0
672,2,1
626,5,0
692,1,1
745,0,0
486,9,0
723,0,0
679,2,0
645,4,1
510,9,1
630,5,0
730,0,0
655,3,0
589,7,0
688,2,0
639,4,0
596,7,0
695,1,1
649,4,0
527,9,1
720,0,0
611,6,0
596,7,0
724,0,0
646,4,0
582,8,0
697,1,0
640,4,0
697,1,0
653,4,0
546,9,0
749,0,0
665,3,0
619,6,1
579,8,0
694,1,0
593,7,0
668,3,0
643,4,0
623,6,0
679,2,0
659,3,1
565,8,0
705,1,0
645,4,0
564,8,0
747,0,0
639,4,0
794,0,0
623,6,0
605,7,0
598,7,0
624,5,0
675,2,0
635,5,0
611,6,0
639,4,0
655,3,0
527,9,0
632,5,0
607,7,0
604,7,0
635,5,1
640,4,0
562,8,0
670,3,0
641,4,1
684,2,0
689,1,0
689,1,0
617,6,0
658,3,0
659,3,0
552,9,1
603,7,0
689,1,0
624,5,0
692,1,0
573,8,0
695,1,0
738,0,0
541,9,0
599,7,1
582,8,0
627,5,0
627,5,0
721,0,0
683,2,0
600,7,0
632,5,0
656,3,0
672,2,0
628,5,0
603,7,0
661,3,0
707,1,1
469,9,1
725,0,0
620,6,0
568,8,0
647,4,0
627,5,0
693,1,0
578,8,0
626,5,0
559,9,0
665,3,0
626,5,0
632,5,0
714,1,0
593,7,0
647,4,0
559,9,0
559,9,1
569,8,0
728,0,0
672,2,0
697,1,0
615,6,0
596,7,0
647,4,0
757,0,0
